,ZTF_Name,SNID_Class,Class,Version
0,ZTF18aamigmk,Ia-norm,Ia,ZTF18aamigmk_20180608_P60_v1.ascii
1,ZTF18aaroihe,Ia-norm,Ia,ZTF18aaroihe_20180519_P60_v2.ascii
2,ZTF18aasprui,Ia-norm,Ia,ZTF18aasprui_20180818_P60_v1.ascii
3,ZTF18aauizcr,Ia-norm,Ia,ZTF18aauizcr_20180519_P60_v2.ascii
4,ZTF18aauxltf,Ia-norm,Ia,ZTF18aauxltf_20180524_P60_v1.ascii
5,ZTF18aavjnfx,Ia-norm,Ia,ZTF18aavjnfx_20180524_P60_v1.ascii
6,ZTF18aavnvmp,Ia-norm,Ia,ZTF18aavnvmp_20180530_P60_v1.ascii
7,ZTF18aavrwhu,Ia-norm,Ia,ZTF18aavrwhu_20180531_P60_v1.ascii
8,ZTF18aavrzxp,Ia-norm,Ia,ZTF18aavrzxp_20180605_P60_v1.ascii
9,ZTF18aawczad,Ia-norm,Ia,ZTF18aawczad_20180609_P60_v1.ascii
10,ZTF18aawdpnm,Ia-norm,Ia,ZTF18aawdpnm_20180605_P60_v1.ascii
11,ZTF18aawpcel,Ia-norm,Ia,ZTF18aawpcel_20180611_P60_v1.ascii
12,ZTF18aaxcxih,Ia-norm,Ia,ZTF18aaxcxih_20180605_P60_v1.ascii
13,ZTF18aaxkfos,Ia-norm,Ia,ZTF18aaxkfos_20180610_P60_v1.ascii
14,ZTF18aaxtcdm,Ia-norm,Ia,ZTF18aaxtcdm_20180615_P60_v1.ascii
15,ZTF18aaxwjmp,Ia-norm,Ia,ZTF18aaxwjmp_20180620_P60_v1.ascii
16,ZTF18aaxxewy,Ia-norm,Ia,ZTF18aaxxewy_20180615_P60_v1.ascii
17,ZTF18aayiahw,Ia-norm,Ia,ZTF18aayiahw_20180622_P60_v1.ascii
18,ZTF18aayjvve,Ia-norm,Ia,ZTF18aayjvve_20180612_P60_v1.ascii
19,ZTF18aazjztm,Ia-norm,Ia,ZTF18aazjztm_20180619_P60_v1.ascii
20,ZTF18aazsabq,Ia-norm,Ia,ZTF18aazsabq_20180621_P60_v1.ascii
21,ZTF18aazxthg,Ia-norm,Ia,ZTF18aazxthg_20180620_P60_v1.ascii
22,ZTF18abaeawz,Ia-norm,Ia,ZTF18abaeawz_20180621_P60_v1.ascii
23,ZTF18abaxlpi,Ia-norm,Ia,ZTF18abaxlpi_20180625_P60_v1.ascii
24,ZTF18abbqjds,Ia-norm,Ia,ZTF18abbqjds_20180708_P60_v1.ascii
25,ZTF18abbvsiv,Ia-norm,Ia,ZTF18abbvsiv_20180624_P60_v1.ascii
26,ZTF18abcecfi,Ia-norm,Ia,ZTF18abcecfi_20180702_P60_v1.ascii
27,ZTF18abcflnz,Ia-norm,Ia,ZTF18abcflnz_20180622_P60_v1.ascii
28,ZTF18abckujg,Ia-norm,Ia,ZTF18abckujg_20180627_P60_v1.ascii
29,ZTF18abckujq,Ia-norm,Ia,ZTF18abckujq_20180701_P60_v1.ascii
30,ZTF18abcpmwh,IIP,II,ZTF18abcpmwh_20180626_P60_v1.ascii
31,ZTF18abcpolh,Ia-norm,Ia,ZTF18abcpolh_20180627_P60_v1.ascii
32,ZTF18abcrzfz,Ia-91T,Ia-91T,ZTF18abcrzfz_20180627_P60_v1.ascii
33,ZTF18abcxyjp,Ia-norm,Ia,ZTF18abcxyjp_20180626_P60_v1.ascii
34,ZTF18abddrhd,Ia-norm,Ia,ZTF18abddrhd_20180712_P60_v2.ascii
35,ZTF18abdfaqi,Ia-norm,Ia,ZTF18abdfaqi_20180709_P60_v1.ascii
36,ZTF18abdfazk,Ia-norm,Ia,ZTF18abdfazk_20180712_P60_v2.ascii
37,ZTF18abdfydj,Ia-norm,Ia,ZTF18abdfydj_20180705_P60_v1.ascii
38,ZTF18abdiqdh,Ia-norm,Ia,ZTF18abdiqdh_20180705_P60_v2.ascii
39,ZTF18abdkimx,Ia-norm,Ia,ZTF18abdkimx_20180713_P60_v2.ascii
40,ZTF18abdrmin,Ia-norm,Ia,ZTF18abdrmin_20180726_P60_v1.ascii
41,ZTF18abeaipj,Ia-norm,Ia,ZTF18abeaipj_20180716_P60_v1.ascii
42,ZTF18abeegsl,Ia-norm,Ia,ZTF18abeegsl_20180721_P60_v1.ascii
43,ZTF18abetewu,Ia-norm,Ia,ZTF18abetewu_20180715_P60_v2.ascii
44,ZTF18abgledy,Ia-norm,Ia,ZTF18abgledy_20180721_P60_v1.ascii
45,ZTF18abgosbg,Ia-norm,Ia,ZTF18abgosbg_20180717_P60_v1.ascii
46,ZTF18abhpzig,Ia-norm,Ia,ZTF18abhpzig_20180721_P60_v1.ascii
47,ZTF18abhxidv,Ia-norm,Ia,ZTF18abhxidv_20180725_P60_v1.ascii
48,ZTF18abiinnl,Ia-norm,Ia,ZTF18abiinnl_20180725_P60_v1.ascii
49,ZTF18abjgyyr,Ia-norm,Ia,ZTF18abjgyyr_20180801_P60_v2.ascii
50,ZTF18abjkryl,IIP,II,ZTF18abjkryl_20180730_P60_v2.ascii
51,ZTF18abjovdz,IIP,II,ZTF18abjovdz_20180804_P60_v2.ascii
52,ZTF18abjtgdo,Ia-norm,Ia,ZTF18abjtgdo_20180810_P60_v2.ascii
53,ZTF18abjtger,Ia-norm,Ia,ZTF18abjtger_20180807_P60_v1.ascii
54,ZTF18abjvzxx,Ia-norm,Ia,ZTF18abjvzxx_20180802_P60_v2.ascii
55,ZTF18abjyime,Ia-norm,Ia,ZTF18abjyime_20180813_P60_v2.ascii
56,ZTF18abkhbra,Ia-norm,Ia,ZTF18abkhbra_20180802_P60_v2.ascii
57,ZTF18abktphg,Ia-norm,Ia,ZTF18abktphg_20180807_P60_v1.ascii
58,ZTF18ablmflp,Ia-norm,Ia,ZTF18ablmflp_20180805_P60_v3.ascii
59,ZTF18ablqkud,Ia-norm,Ia,ZTF18ablqkud_20180821_P60_v1.ascii
60,ZTF18ablqqqp,Ia-norm,Ia,ZTF18ablqqqp_20180820_P60_v1.ascii
61,ZTF18abltaxf,Ia-norm,Ia,ZTF18abltaxf_20180815_P60_v1.ascii
62,ZTF18abmjvpb,Ia-norm,Ia,ZTF18abmjvpb_20180824_P60_v1.ascii
63,ZTF18abmmdif,Ia-norm,Ia,ZTF18abmmdif_20180817_P60_v1.ascii
64,ZTF18abmwnov,Ia-norm,Ia,ZTF18abmwnov_20180831_P60_v1.ascii
65,ZTF18abmxahs,Ia-norm,Ia,ZTF18abmxahs_20180818_P60_v1.ascii
66,ZTF18abncdhd,Ia-norm,Ia,ZTF18abncdhd_20180820_P60_v1.ascii
67,ZTF18abntsgz,Ia-norm,Ia,ZTF18abntsgz_20180827_P60_v1.ascii
68,ZTF18abosrco,Ia-norm,Ia,ZTF18abosrco_20180907_P60_v1.ascii
69,ZTF18abotdef,Ia-norm,Ia,ZTF18abotdef_20180907_P60_v1.ascii
70,ZTF18abpaywm,Ia-norm,Ia,ZTF18abpaywm_20180830_P60_v1.ascii
71,ZTF18abpttky,Ia-norm,Ia,ZTF18abpttky_20180911_P60_v1.ascii
72,ZTF18abqdadp,Ia-norm,Ia,ZTF18abqdadp_20180830_P60_v1.ascii
73,ZTF18abrqedj,Ia-norm,Ia,ZTF18abrqedj_20180909_P60_v1.ascii
74,ZTF18abrzbum,IIP,II,ZTF18abrzbum_20180922_P60_v1.ascii
75,ZTF18abskove,Ia-norm,Ia,ZTF18abskove_20180912_P60_v1.ascii
76,ZTF18absqhza,Ia-norm,Ia,ZTF18absqhza_20180906_P60_v1.ascii
77,ZTF18absstyb,Ia-norm,Ia,ZTF18absstyb_20180909_P60_v2.ascii
78,ZTF18abssuxz,Ia-norm,Ia,ZTF18abssuxz_20180912_P60_v2.ascii
79,ZTF18abtnlik,Ia-norm,Ia,ZTF18abtnlik_20180919_P60_v1.ascii
80,ZTF18abtxvhy,Ia-norm,Ia,ZTF18abtxvhy_20180930_P60_v1.ascii
81,ZTF18abucvbf,Ia-norm,Ia,ZTF18abucvbf_20180922_P60_v1.ascii
82,ZTF18abujbio,Ia-norm,Ia,ZTF18abujbio_20180916_P60_v1.ascii
83,ZTF18abuykiu,Ia-norm,Ia,ZTF18abuykiu_20180921_P60_v1.ascii
84,ZTF18abvejbm,Ia-norm,Ia,ZTF18abvejbm_20180914_P60_v1.ascii
85,ZTF18abvlchy,Ia-91T,Ia-91T,ZTF18abvlchy_20180918_P60_v1.ascii
86,ZTF18abvsvjs,Ia-norm,Ia,ZTF18abvsvjs_20180922_P60_v1.ascii
87,ZTF18abwwfyo,Ia-norm,Ia,ZTF18abwwfyo_20180930_P60_v1.ascii
88,ZTF18abxroxl,Ia-norm,Ia,ZTF18abxroxl_20180930_P60_v1.ascii
89,ZTF18abyzksx,Ia-norm,Ia,ZTF18abyzksx_20181010_P60_v1.ascii
90,ZTF18abyzlhn,Ia-norm,Ia,ZTF18abyzlhn_20180928_P60_v1.ascii
91,ZTF18abzwdsj,Ia-norm,Ia,ZTF18abzwdsj_20181010_P60_v2.ascii
92,ZTF18acarupz,Ia-norm,Ia,ZTF18acarupz_20181119_P60_v1.ascii
93,ZTF18acbujhw,Ia-norm,Ia,ZTF18acbujhw_20181031_P60_v1.ascii
94,ZTF18acbvgqw,Ia-norm,Ia,ZTF18acbvgqw_20181117_P60_v1.ascii
95,ZTF18acbwlpj,Ia-norm,Ia,ZTF18acbwlpj_20181106_P60_v1.ascii
96,ZTF18acbxhui,Ia-norm,Ia,ZTF18acbxhui_20181107_P60_v2.ascii
97,ZTF18acbxkpa,Ia-norm,Ia,ZTF18acbxkpa_20181107_P60_v1.ascii
98,ZTF18acbxmvy,Ia-norm,Ia,ZTF18acbxmvy_20181106_P60_v1.ascii
99,ZTF18acbxrdw,Ia-norm,Ia,ZTF18acbxrdw_20181106_P60_v1.ascii
100,ZTF18acbznvp,Ia-norm,Ia,ZTF18acbznvp_20181107_P60_v1.ascii
101,ZTF18accbppp,Ia-norm,Ia,ZTF18accbppp_20181104_P60_v1.ascii
102,ZTF18acchvwh,Ia-norm,Ia,ZTF18acchvwh_20181106_P60_v1.ascii
103,ZTF18accnbgw,Ia-norm,Ia,ZTF18accnbgw_20181115_P60_v1.ascii
104,ZTF18accnnyu,Ia-norm,Ia,ZTF18accnnyu_20181107_P60_v1.ascii
105,ZTF18accqcab,Ia-norm,Ia,ZTF18accqcab_20181108_P60_v1.ascii
106,ZTF18accwjiu,Ia-norm,Ia,ZTF18accwjiu_20181108_P60_v1.ascii
107,ZTF18acebefc,Ia-norm,Ia,ZTF18acebefc_20181115_P60_v1.ascii
108,ZTF18acehilk,Ia-norm,Ia,ZTF18acehilk_20181117_P60_v1.ascii
109,ZTF18acemhyb,Ia-norm,Ia,ZTF18acemhyb_20181115_P60_v2.ascii
110,ZTF18aceyjco,Ia-norm,Ia,ZTF18aceyjco_20181126_P60_v2.ascii
111,ZTF18aceynvm,Ia-norm,Ia,ZTF18aceynvm_20181121_P60_v1.ascii
112,ZTF18achbllm,Ia-norm,Ia,ZTF18achbllm_20181115_P60_v1.ascii
113,ZTF18achmxsx,Ia-norm,Ia,ZTF18achmxsx_20181126_P60_v1.ascii
114,ZTF18achyqcq,Ia-norm,Ia,ZTF18achyqcq_20181120_P60_v1.ascii
115,ZTF18acmwptq,Ia-norm,Ia,ZTF18acmwptq_20181126_P60_v1.ascii
116,ZTF18acmxkzj,Ia-norm,Ia,ZTF18acmxkzj_20181128_P60_v1.ascii
117,ZTF18acmyxfx,Ia-norm,Ia,ZTF18acmyxfx_20181127_P60_v2.ascii
118,ZTF18acnbgrb,Ia-norm,Ia,ZTF18acnbgrb_20181116_P60_v1.ascii
119,ZTF18acpscso,Ia-norm,Ia,ZTF18acpscso_20181126_P60_v1.ascii
120,ZTF18acqqyah,Ia-norm,Ia,ZTF18acqqyah_20181204_P60_v2.ascii
121,ZTF18acrcgyb,Ia-norm,Ia,ZTF18acrcgyb_20181212_P60_v2.ascii
122,ZTF18acrygtk,IIP,II,ZTF18acrygtk_20190103_P60_v1.ascii
123,ZTF18acsouxk,Ia-norm,Ia,ZTF18acsouxk_20181216_P60_v1.ascii
124,ZTF18acsovsw,Ia-norm,Ia,ZTF18acsovsw_20181210_P60_v1.ascii
125,ZTF18acsxpmp,Ia-norm,Ia,ZTF18acsxpmp_20181220_P60_v1.ascii
126,ZTF18acsyanq,Ia-norm,Ia,ZTF18acsyanq_20181220_P60_v1.ascii
127,ZTF18acsyzca,Ia-norm,Ia,ZTF18acsyzca_20181223_P60_v1.ascii
128,ZTF18acurlbj,Ia-norm,Ia,ZTF18acurlbj_20181213_P60_v1.ascii
129,ZTF18acurlbt,Ia-norm,Ia,ZTF18acurlbt_20181213_P60_v1.ascii
130,ZTF18acuscrr,Ia-norm,Ia,ZTF18acuscrr_20181212_P60_v2.ascii
131,ZTF18acusrws,Ia-norm,Ia,ZTF18acusrws_20181220_P60_v1.ascii
132,ZTF18acusueb,Ia-norm,Ia,ZTF18acusueb_20181213_P60_v1.ascii
133,ZTF18acvjnst,Ia-norm,Ia,ZTF18acvjnst_20181222_P60_v1.ascii
134,ZTF18acvrfvv,Ia-norm,Ia,ZTF18acvrfvv_20181219_P60_v1.ascii
135,ZTF18acvwchp,Ia-norm,Ia,ZTF18acvwchp_20181219_P60_v1.ascii
136,ZTF18acwutbr,Ia-norm,Ia,ZTF18acwutbr_20181219_P60_v2.ascii
137,ZTF18acwwonp,Ia-norm,Ia,ZTF18acwwonp_20181229_P60_v1.ascii
138,ZTF18acxwtyx,Ia-norm,Ia,ZTF18acxwtyx_20181220_P60_v1.ascii
139,ZTF18acyarki,Ia-norm,Ia,ZTF18acyarki_20181219_P60_v1.ascii
140,ZTF18acyctqi,Ia-norm,Ia,ZTF18acyctqi_20181229_P60_v2.ascii
141,ZTF18aczotxi,Ia-norm,Ia,ZTF18aczotxi_20190104_P60_v1.ascii
142,ZTF18aczzrkn,Ia-norm,Ia,ZTF18aczzrkn_20181231_P60_v1.ascii
143,ZTF18adbadqp,Ia-norm,Ia,ZTF18adbadqp_20190104_P60_v1.ascii
144,ZTF19aadnxnl,IIP,IIP,ZTF19aadnxnl_20190313_P60_v1.ascii
145,ZTF19aaezwmr,Ia-norm,Ia,ZTF19aaezwmr_20190225_P60_v1.ascii
146,ZTF19aahsgka,Ia-norm,Ia,ZTF19aahsgka_20190224_P60_v1.ascii
147,ZTF19aailqli,Ia-norm,Ia,ZTF19aailqli_20190305_P60_v1.ascii
148,ZTF19aajxhwa,Ia-norm,Ia,ZTF19aajxhwa_20190225_P60_v1.ascii
149,ZTF19aakiwxx,Ia-norm,Ia,ZTF19aakiwxx_20190301_P60_v1.ascii
150,ZTF19aakiyly,Ia-norm,Ia,ZTF19aakiyly_20190225_P60_v1.ascii
151,ZTF19aakoasy,Ia-norm,Ia,ZTF19aakoasy_20190226_P60_v1.ascii
152,ZTF19aakpcfi,Ia-norm,Ia,ZTF19aakpcfi_20190305_P60_v1.ascii
153,ZTF19aakpmoy,Ia-norm,Ia,ZTF19aakpmoy_20190225_P60_v1.ascii
154,ZTF19aakxwqu,Ia-norm,Ia,ZTF19aakxwqu_20190304_P60_v1.ascii
155,ZTF19aalemmz,Ia-norm,Ia,ZTF19aalemmz_20190316_P60_v1.ascii
156,ZTF19aalrfoi,Ia-norm,Ia,ZTF19aalrfoi_20190315_P60_v2.ascii
157,ZTF19aalryov,Ia-norm,Ia,ZTF19aalryov_20190305_P60_v1.ascii
158,ZTF19aalxlpp,Ia-norm,Ia,ZTF19aalxlpp_20190317_P60_v1.ascii
159,ZTF19aamgokq,Ia-norm,Ia,ZTF19aamgokq_20190316_P60_v1.ascii
160,ZTF19aamhhgu,Ia-norm,Ia,ZTF19aamhhgu_20190324_P60_v1.ascii
161,ZTF19aamhlnl,Ia-norm,Ia,ZTF19aamhlnl_20190326_P60_v1.ascii
162,ZTF19aamoqxy,Ia-norm,Ia,ZTF19aamoqxy_20190316_P60_v1.ascii
163,ZTF19aamsnhu,Ia-norm,Ia,ZTF19aamsnhu_20190329_P60_v1.ascii
164,ZTF19aanbfaw,Ia-norm,Ia,ZTF19aanbfaw_20190329_P60_v1.ascii
165,ZTF19aangier,Ia-norm,Ia,ZTF19aangier_20190331_P60_v1.ascii
166,ZTF19aanhlxe,Ia-norm,Ia,ZTF19aanhlxe_20190408_P60_v1.ascii
167,ZTF19aanhlzi,Ia-norm,Ia,ZTF19aanhlzi_20190326_P60_v1.ascii
168,ZTF19aanjjhk,Ia-norm,Ia,ZTF19aanjjhk_20190407_P60_v1.ascii
169,ZTF19aanramr,Ia-norm,Ia,ZTF19aanramr_20190401_P60_v1.ascii
170,ZTF19aanuhox,Ia-norm,Ia,ZTF19aanuhox_20190407_P60_v1.ascii
171,ZTF19aanuipr,Ia-norm,Ia,ZTF19aanuipr_20190414_P60_v1.ascii
172,ZTF19aanxgrz,Ia-norm,Ia-91bg,ZTF19aanxgrz_20190411_P60_v1.ascii
173,ZTF19aanxosu,Ia-norm,Ia,ZTF19aanxosu_20190418_P60_v1.ascii
174,ZTF19aaohyqj,Ia-norm,Ia,ZTF19aaohyqj_20190413_P60_v1.ascii
175,ZTF19aaozplq,Ia-norm,Ia,ZTF19aaozplq_20190414_P60_v1.ascii
176,ZTF19aapszzy,Ia-norm,Ia,ZTF19aapszzy_20190415_P60_v1.ascii
177,ZTF19aapuohr,Ia-norm,Ia,ZTF19aapuohr_20190414_P60_v1.ascii
178,ZTF19aapxocr,Ia-norm,Ia,ZTF19aapxocr_20190422_P60_v2.ascii
179,ZTF19aardunx,Ia-norm,Ia,ZTF19aardunx_20190423_P60_v1.ascii
180,ZTF19aatgznl,Ia-norm,Ia,ZTF19aatgznl_20190514_P60_v1.ascii
181,ZTF19aauivtj,Ia-norm,Ia,ZTF19aauivtj_20190607_P60_v1.ascii
182,ZTF19aauxmqj,Ia-norm,Ia,ZTF19aauxmqj_20190603_P60_v1.ascii
183,ZTF19aauxxgk,IIP,II,ZTF19aauxxgk_20190606_P60_v1.ascii
184,ZTF19aavhvkd,Ia-norm,Ia,ZTF19aavhvkd_20190612_P60_v1.ascii
185,ZTF19aavhxby,Ia-norm,Ia,ZTF19aavhxby_20190605_P60_v1.ascii
186,ZTF19aavhypb,Ia-norm,Ia,ZTF19aavhypb_20190606_P60_v1.ascii
187,ZTF19aavhzsc,Ia-norm,Ia,ZTF19aavhzsc_20190531_P60_v1.ascii
188,ZTF19aavissk,Ia-norm,Ia,ZTF19aavissk_20190603_P60_v1.ascii
189,ZTF19aavmlqh,Ia-norm,Ia,ZTF19aavmlqh_20190605_P60_v1.ascii
190,ZTF19aavnwtf,Ia-norm,Ia,ZTF19aavnwtf_20190531_P60_v1.ascii
191,ZTF19aavnwxf,Ia-norm,Ia,ZTF19aavnwxf_20190531_P60_v2.ascii
192,ZTF19aavnwyt,Ia-norm,Ia,ZTF19aavnwyt_20190607_P60_v1.ascii
193,ZTF19aavrcew,IIP,IIP,ZTF19aavrcew_20190531_P60_v1.ascii
194,ZTF19aavrswr,Ia-norm,Ia,ZTF19aavrswr_20190602_P60_v1.ascii
195,ZTF19aavweum,Ia-norm,Ia,ZTF19aavweum_20190531_P60_v1.ascii
196,ZTF19aavxikq,Ia-norm,Ia,ZTF19aavxikq_20190608_P60_v1.ascii
197,ZTF19aavxufb,Ia-norm,Ia,ZTF19aavxufb_20190605_P60_v1.ascii
198,ZTF19aawbsek,Ia-norm,Ia,ZTF19aawbsek_20190604_P60_v1.ascii
199,ZTF19aawfcgp,Ia-norm,Ia,ZTF19aawfcgp_20190605_P60_v1.ascii
200,ZTF19aawgfnn,Ia-norm,Ia,ZTF19aawgfnn_20190607_P60_v1.ascii
201,ZTF19aayveer,Ia-norm,Ia,ZTF19aayveer_20190624_P60_v1.ascii
202,ZTF19aazgpar,Ia-norm,Ia,ZTF19aazgpar_20190616_P60_v1.ascii
203,ZTF19aazlsfj,Ia-norm,Ia,ZTF19aazlsfj_20190624_P60_v1.ascii
204,ZTF19aazzpje,Ia-norm,Ia,ZTF19aazzpje_20190623_P60_v2.ascii
205,ZTF19ababigc,Ia-norm,Ia,ZTF19ababigc_20190625_P60_v1.ascii
206,ZTF19abahvdh,Ia-norm,Ia,ZTF19abahvdh_20190625_P60_v1.ascii
207,ZTF19abakjao,Ia-norm,Ia,ZTF19abakjao_20190701_P60_v1.ascii
208,ZTF19abakjci,Ia-norm,Ia,ZTF19abakjci_20190703_P60_v1.ascii
209,ZTF19abangub,Ia-norm,Ia,ZTF19abangub_20190709_P60_v1.ascii
210,ZTF19abangws,Ia-norm,Ia,ZTF19abangws_20190624_P60_v1.ascii
211,ZTF19abattvp,Ia-norm,Ia,ZTF19abattvp_20190625_P60_v1.ascii
212,ZTF19abcejoa,Ia-91T,Ia,ZTF19abcejoa_20190708_P60_v1.ascii
213,ZTF19abcfzdy,Ia-norm,Ia,ZTF19abcfzdy_20190709_P60_v1.ascii
214,ZTF19abcttsc,Ia-norm,Ia,ZTF19abcttsc_20190711_P60_v1.ascii
215,ZTF19abddqhy,Ia-norm,Ia,ZTF19abddqhy_20190719_P60_v1.ascii
216,ZTF19abdgpuv,Ia-norm,Ia,ZTF19abdgpuv_20190708_P60_v1.ascii
217,ZTF19abdkecj,Ia-norm,Ia,ZTF19abdkecj_20190705_P60_v1.ascii
218,ZTF19abdkfqe,Ia-norm,Ia,ZTF19abdkfqe_20190704_P60_v1.ascii
219,ZTF19abdrwsz,Ia-norm,Ia,ZTF19abdrwsz_20190710_P60_v1.ascii
220,ZTF19abeloei,Ia-norm,Ia,ZTF19abeloei_20190710_P60_v1.ascii
221,ZTF19abetjcx,Ia-norm,Ia,ZTF19abetjcx_20190708_P60_v1.ascii
222,ZTF19abfqhis,Ia-norm,Ia,ZTF19abfqhis_20190711_P60_v1.ascii
223,ZTF19abggnnp,Ia-norm,Ia,ZTF19abggnnp_20190721_P60_v2.ascii
224,ZTF19abgprpq,Ia-norm,Ia,ZTF19abgprpq_20190719_P60_v1.ascii
225,ZTF19abgsyrp,Ia-norm,Ia,ZTF19abgsyrp_20190726_P60_v1.ascii
226,ZTF19abhdqlq,Ia-norm,Ia,ZTF19abhdqlq_20190720_P60_v1.ascii
227,ZTF19abhemuy,Ia-norm,Ia,ZTF19abhemuy_20190728_P60_v1.ascii
228,ZTF19abhjhes,Ia-norm,Ia,ZTF19abhjhes_20190730_P60_v1.ascii
229,ZTF19abidfxd,Ia-norm,Ia,ZTF19abidfxd_20190727_P60_v1.ascii
230,ZTF19abimkwn,Ia-norm,Ia,ZTF19abimkwn_20190810_P60_v1.ascii
231,ZTF19abimlck,Ia-norm,Ia,ZTF19abimlck_20190731_P60_v1.ascii
232,ZTF19abimzvh,Ia-norm,Ia,ZTF19abimzvh_20190805_P60_v1.ascii
233,ZTF19abisbgx,Ia-norm,Ia,ZTF19abisbgx_20190802_P60_v1.ascii
234,ZTF19abjgbmo,Ia-norm,Ia,ZTF19abjgbmo_20190808_P60_v1.ascii
235,ZTF19abjozed,Ia-norm,Ia,ZTF19abjozed_20190808_P60_v1.ascii
236,ZTF19abjrkqn,Ia-norm,Ia,ZTF19abjrkqn_20190810_P60_v1.ascii
237,ZTF19ablfaey,Ia-norm,Ia,ZTF19ablfaey_20190809_P60_v1.ascii
238,ZTF19ablovot,Ia-norm,Ia,ZTF19ablovot_20190810_P60_v1.ascii
239,ZTF19ablusdf,Ia-norm,Ia,ZTF19ablusdf_20190809_P60_v1.ascii
240,ZTF19abmpoxa,Ia-norm,Ia,ZTF19abmpoxa_20190813_P60_v1.ascii
241,ZTF19abmylxw,Ia-norm,Ia,ZTF19abmylxw_20190807_P60_v1.ascii
242,ZTF19abnkrcd,Ia-norm,Ia,ZTF19abnkrcd_20190818_P60_v1.ascii
243,ZTF19abopflp,Ia-norm,Ia,ZTF19abopflp_20190824_P60_v1.ascii
244,ZTF19abozuxh,Ia-norm,Ia,ZTF19abozuxh_20190821_P60_v2.ascii
245,ZTF19abpbbxx,Ia-norm,Ia,ZTF19abpbbxx_20190827_P60_v1.ascii
246,ZTF19abpbqor,Ia-norm,Ia,ZTF19abpbqor_20190818_P60_v1.ascii
247,ZTF19abplfxs,Ia-norm,Ia,ZTF19abplfxs_20190825_P60_v1.ascii
248,ZTF19abpmetl,Ia-norm,Ia,ZTF19abpmetl_20190827_P60_v1.ascii
249,ZTF19abpveqn,Ia-norm,Ia,ZTF19abpveqn_20190819_P60_v1.ascii
250,ZTF19abpxcaf,Ia-norm,Ia,ZTF19abpxcaf_20190827_P60_v1.ascii
251,ZTF19abpypvc,Ia-norm,Ia,ZTF19abpypvc_20190831_P60_v1.ascii
252,ZTF19abpztlw,Ia-norm,Ia,ZTF19abpztlw_20190828_P60_v1.ascii
253,ZTF19abqgwuy,Ia-norm,Ia,ZTF19abqgwuy_20190822_P60_v1.ascii
254,ZTF19abqgzea,Ia-norm,Ia,ZTF19abqgzea_20190830_P60_v1.ascii
255,ZTF19abqimia,Ia-norm,Ia,ZTF19abqimia_20190828_P60_v2.ascii
256,ZTF19abqmjdq,Ia-norm,Ia,ZTF19abqmjdq_20190830_P60_v1.ascii
257,ZTF19abqqcyo,Ia-norm,Ia,ZTF19abqqcyo_20190830_P60_v1.ascii
258,ZTF19abqqmui,Ia-norm,Ia,ZTF19abqqmui_20190827_P60_v1.ascii
259,ZTF19abqqvhd,Ia-norm,Ia,ZTF19abqqvhd_20190908_P60_v1.ascii
260,ZTF19abqyoxj,IIP,IIP,ZTF19abqyoxj_20190911_P60_v1.ascii
261,ZTF19abrbmvt,IIP,II,ZTF19abrbmvt_20190922_P60_v1.ascii
262,ZTF19abrcvzz,Ia-norm,Ia,ZTF19abrcvzz_20190907_P60_v2.ascii
263,ZTF19abrsuah,Ia-norm,Ia,ZTF19abrsuah_20190826_P60_v1.ascii
264,ZTF19abtnbtt,Ia-norm,Ia,ZTF19abtnbtt_20190906_P60_v1.ascii
265,ZTF19abtuigb,Ia-norm,Ia,ZTF19abtuigb_20190831_P60_v1.ascii
266,ZTF19abuazly,Ia-norm,Ia,ZTF19abuazly_20190908_P60_v1.ascii
267,ZTF19abucvgu,Ia-norm,Ia,ZTF19abucvgu_20190912_P60_v1.ascii
268,ZTF19aburnqh,Ia-norm,Ia,ZTF19aburnqh_20190907_P60_v1.ascii
269,ZTF19abuxhqc,Ia-norm,Ia,ZTF19abuxhqc_20190910_P60_v1.ascii
270,ZTF19abwztsb,IIP,II,ZTF19abwztsb_20190909_P60_v2.ascii
271,ZTF19abxdnhr,Ia-norm,Ia,ZTF19abxdnhr_20190920_P60_v1.ascii
272,ZTF19abxihut,Ia-norm,Ia,ZTF19abxihut_20190917_P60_v1.ascii
273,ZTF19abxjimu,Ia-norm,Ia,ZTF19abxjimu_20190909_P60_v1.ascii
274,ZTF19abxtdgh,Ia-norm,Ia,ZTF19abxtdgh_20190922_P60_v1.ascii
275,ZTF19abymvoy,Ia-norm,Ia,ZTF19abymvoy_20190917_P60_v1.ascii
276,ZTF19abymvpq,Ia-91T,Ia,ZTF19abymvpq_20190923_P60_v1.ascii
277,ZTF19abzkiuv,Ia-norm,Ia,ZTF19abzkiuv_20190921_P60_v1.ascii
278,ZTF19abzsjpn,Ia-norm,Ia,ZTF19abzsjpn_20190924_P60_v2.ascii
279,ZTF19acaotrk,Ia-norm,Ia,ZTF19acaotrk_20191003_P60_v2.ascii
280,ZTF19acapeun,Ia-norm,Ia,ZTF19acapeun_20191001_P60_v1.ascii
281,ZTF19acaxcwg,Ia-norm,Ia,ZTF19acaxcwg_20190930_P60_v1.ascii
282,ZTF19acazaug,Ia-norm,Ia,ZTF19acazaug_20190930_P60_v2.ascii
283,ZTF19acbacvu,Ia-norm,Ia,ZTF19acbacvu_20191001_P60_v1.ascii
284,ZTF19acbqzvu,Ia-norm,Ia,ZTF19acbqzvu_20191026_P60_v1.ascii
285,ZTF19acbwejj,IIP,II,ZTF19acbwejj_20200105_P60_v1.ascii
286,ZTF19acdtpow,Ia-norm,Ia,ZTF19acdtpow_20191026_P60_v1.ascii
287,ZTF19acdxlns,Ia-norm,Ia,ZTF19acdxlns_20191027_P60_v2.ascii
288,ZTF19acekbyz,Ia-norm,Ia,ZTF19acekbyz_20191023_P60_v2.ascii
289,ZTF19acetwqh,Ia-norm,Ia,ZTF19acetwqh_20191015_P60_v1.ascii
290,ZTF19acgbkzr,IIP,II,ZTF19acgbkzr_20191026_P60_v1.ascii
291,ZTF19acgcdas,Ia-norm,Ia,ZTF19acgcdas_20191029_P60_v1.ascii
292,ZTF19acgcshq,Ia-norm,Ia,ZTF19acgcshq_20191026_P60_v1.ascii
293,ZTF19acgeabh,Ia-norm,Ia,ZTF19acgeabh_20191023_P60_v1.ascii
294,ZTF19acgouje,Ia-norm,Ia,ZTF19acgouje_20191104_P60_v1.ascii
295,ZTF19achagst,Ia-norm,Ia,ZTF19achagst_20191103_P60_v1.ascii
296,ZTF19achajnc,Ia-norm,Ia,ZTF19achajnc_20191031_P60_v2.ascii
297,ZTF19achaspq,Ia-norm,Ia,ZTF19achaspq_20191029_P60_v1.ascii
298,ZTF19achejoc,Ia-norm,Ia,ZTF19achejoc_20191029_P60_v1.ascii
299,ZTF19achticg,Ia-norm,Ia,ZTF19achticg_20191103_P60_v1.ascii
300,ZTF19acitnck,Ia-norm,Ia,ZTF19acitnck_20191101_P60_v1.ascii
301,ZTF19ackjvjr,Ia-norm,Ia,ZTF19ackjvjr_20191110_P60_v1.ascii
302,ZTF19aclyezb,Ia-norm,Ia,ZTF19aclyezb_20191106_P60_v1.ascii
303,ZTF19acmwkul,Ia-norm,Ia,ZTF19acmwkul_20191113_P60_v1.ascii
304,ZTF19acpgaet,Ia-norm,Ia,ZTF19acpgaet_20191119_P60_v2.ascii
305,ZTF19acrbyzj,Ia-norm,Ia,ZTF19acrbyzj_20191112_P60_v1.ascii
306,ZTF19acrcupt,Ia-norm,Ia,ZTF19acrcupt_20191124_P60_v1.ascii
307,ZTF19acrwzqs,Ia-norm,Ia,ZTF19acrwzqs_20191116_P60_v1.ascii
308,ZTF19actldas,Ia-norm,Ia,ZTF19actldas_20191123_P60_v2.ascii
309,ZTF19aculypc,Ia-norm,Ia,ZTF19aculypc_20191201_P60_v2.ascii
310,ZTF19acuymeu,Ia-norm,Ia,ZTF19acuymeu_20191210_P60_v1.ascii
311,ZTF19acxnemy,Ia-norm,Ia,ZTF19acxnemy_20191210_P60_v1.ascii
312,ZTF19acxphhl,Ia-norm,Ia,ZTF19acxphhl_20191213_P60_v1.ascii
313,ZTF19acxzdht,Ia-norm,Ia,ZTF19acxzdht_20191219_P60_v1.ascii
314,ZTF19acykjcw,Ia-norm,Ia,ZTF19acykjcw_20191221_P60_v1.ascii
315,ZTF19acylgic,Ia-norm,Ia,ZTF19acylgic_20191217_P60_v1.ascii
316,ZTF19acyogvo,Ia-norm,Ia,ZTF19acyogvo_20191231_P60_v1.ascii
317,ZTF19adajqcq,Ia-norm,Ia,ZTF19adajqcq_20200103_P60_v1.ascii
318,ZTF19adalouc,Ia-norm,Ia,ZTF19adalouc_20200108_P60_v3.ascii
319,ZTF19adcdzjm,Ia-norm,Ia,ZTF19adcdzjm_20200116_P60_v1.ascii
320,ZTF19adcecwu,Ia-norm,Ia,ZTF19adcecwu_20200229_P60_v1.ascii
321,ZTF20aaaboph,Ia-norm,Ia,ZTF20aaaboph_20200103_P60_v1.ascii
322,ZTF20aaawbxl,Ia-norm,Ia,ZTF20aaawbxl_20200105_P60_v1.ascii
323,ZTF20aaawmxq,Ia-norm,Ia,ZTF20aaawmxq_20200115_P60_v1.ascii
324,ZTF20aaayaet,Ia-norm,Ia,ZTF20aaayaet_20200108_P60_v1.ascii
325,ZTF20aabqjht,Ia-91T,Ia,ZTF20aabqjht_20200124_P60_v1.ascii
326,ZTF20aacbyoh,IIP,II,ZTF20aacbyoh_20200104_P60_v1.ascii
327,ZTF20aacciep,Ia-norm,Ia,ZTF20aacciep_20200104_P60_v1.ascii
328,ZTF20aacwxut,Ia-norm,Ia,ZTF20aacwxut_20200114_P60_v2.ascii
329,ZTF20aadzwnu,Ia-norm,Ia,ZTF20aadzwnu_20200113_P60_v1.ascii
330,ZTF20aaerqjd,Ia-norm,Ia,ZTF20aaerqjd_20200124_P60_v1.ascii
331,ZTF20aaetvkh,Ia-norm,Ia,ZTF20aaetvkh_20200113_P60_v1.ascii
332,ZTF20aaewban,Ia-norm,Ia,ZTF20aaewban_20200114_P60_v1.ascii
333,ZTF20aafdglk,Ia-norm,Ia,ZTF20aafdglk_20200124_P60_v1.ascii
334,ZTF20aafvzhu,Ia-norm,Ia,ZTF20aafvzhu_20200124_P60_v1.ascii
335,ZTF20aafwbcs,Ia-norm,Ia,ZTF20aafwbcs_20200126_P60_v1.ascii
336,ZTF20aagfjlj,Ia-norm,Ia,ZTF20aagfjlj_20200123_P60_v2.ascii
337,ZTF20aaghnxd,Ia-norm,Ia,ZTF20aaghnxd_20200126_P60_v1.ascii
338,ZTF20aagzchj,Ia-norm,Ia,ZTF20aagzchj_20200127_P60_v1.ascii
339,ZTF20aahkgcz,Ia-norm,Ia,ZTF20aahkgcz_20200213_P60_v1.ascii
340,ZTF20aahqbib,Ia-norm,Ia,ZTF20aahqbib_20200128_P60_v1.ascii
341,ZTF20aahqcup,Ia-norm,Ia,ZTF20aahqcup_20200201_P60_v1.ascii
342,ZTF20aaifyrs,Ia-norm,Ia,ZTF20aaifyrs_20200129_P60_v1.ascii
343,ZTF20aairvsi,Ia-norm,Ia,ZTF20aairvsi_20200201_P60_v1.ascii
344,ZTF20aalkfui,Ia-norm,Ia,ZTF20aalkfui_20200206_P60_v1.ascii
345,ZTF20aalmeaj,Ia-norm,Ia,ZTF20aalmeaj_20200219_P60_v1.ascii
346,ZTF20aalyeut,Ia-norm,Ia,ZTF20aalyeut_20200218_P60_v1.ascii
347,ZTF20aamdqiz,Ia-norm,Ia,ZTF20aamdqiz_20200213_P60_v1.ascii
348,ZTF20aamgdkb,Ia-norm,Ia,ZTF20aamgdkb_20200215_P60_v1.ascii
349,ZTF20aamizsz,Ia-norm,Ia,ZTF20aamizsz_20200214_P60_v1.ascii
350,ZTF20aamksoq,Ia-norm,Ia,ZTF20aamksoq_20200218_P60_v1.ascii
351,ZTF20aamntsk,Ia-norm,Ia,ZTF20aamntsk_20200220_P60_v1.ascii
352,ZTF20aamqxyi,Ia-norm,Ia,ZTF20aamqxyi_20200216_P60_v1.ascii
353,ZTF20aamttmo,Ia-norm,Ia,ZTF20aamttmo_20200217_P60_v1.ascii
354,ZTF20aanadof,IIP,IIP,ZTF20aanadof_20200214_P60_v1.ascii
355,ZTF20aanbvqg,Ia-norm,Ia,ZTF20aanbvqg_20200219_P60_v1.ascii
356,ZTF20aandwrl,Ia-norm,Ia,ZTF20aandwrl_20200220_P60_v1.ascii
357,ZTF20aansmlm,Ia-norm,Ia,ZTF20aansmlm_20200219_P60_v1.ascii
358,ZTF20aansmsj,Ia-norm,Ia,ZTF20aansmsj_20200227_P60_v1.ascii
359,ZTF20aanvpzo,Ia-norm,Ia,ZTF20aanvpzo_20200220_P60_v1.ascii
360,ZTF20aanvqhk,Ia-norm,Ia,ZTF20aanvqhk_20200220_P60_v1.ascii
361,ZTF20aaodkvl,Ia-norm,Ia,ZTF20aaodkvl_20200217_P60_v1.ascii
362,ZTF20aapcmur,Ia-norm,Ia,ZTF20aapcmur_20200225_P60_v1.ascii
363,ZTF20aaqpxtm,Ia-91T,Ia,ZTF20aaqpxtm_20200306_P60_v1.ascii
364,ZTF20aarcpql,Ia-norm,Ia,ZTF20aarcpql_20200305_P60_v1.ascii
365,ZTF20aascttq,Ia-norm,Ia,ZTF20aascttq_20200304_P60_v1.ascii
366,ZTF20aascwvz,Ia-norm,Ia,ZTF20aascwvz_20200306_P60_v1.ascii
367,ZTF20aasivxr,Ia-norm,Ia,ZTF20aasivxr_20200305_P60_v1.ascii
368,ZTF20aasiwcu,Ia-norm,Ia,ZTF20aasiwcu_20200305_P60_v1.ascii
369,ZTF20aasmueu,Ia-norm,Ia,ZTF20aasmueu_20200306_P60_v1.ascii
370,ZTF20aasoarv,Ia-91T,Ia,ZTF20aasoarv_20200306_P60_v1.ascii
371,ZTF20aaszzez,Ia-norm,Ia,ZTF20aaszzez_20200331_P60_v2.ascii
372,ZTF20aatpqps,Ia-norm,Ia,ZTF20aatpqps_20200331_P60_v1.ascii
373,ZTF20aattqbi,Ia-norm,Ia,ZTF20aattqbi_20200329_P60_v1.ascii
374,ZTF20aattqye,Ia-norm,Ia,ZTF20aattqye_20200401_P60_v1.ascii
375,ZTF20aatvzmm,Ia-norm,Ia,ZTF20aatvzmm_20200331_P60_v1.ascii
376,ZTF20aatzhhl,IIP,II,ZTF20aatzhhl_20200415_P60_v1.ascii
377,ZTF20aatzwgk,Ia-91bg,Ia,ZTF20aatzwgk_20200414_P60_v1.ascii
378,ZTF20aaumsrr,Ia-norm,Ia,ZTF20aaumsrr_20200417_P60_v1.ascii
379,ZTF20aauodrj,IIP,II,ZTF20aauodrj_20200426_P60_v1.ascii
380,ZTF20aaurhzc,Ia-norm,Ia,ZTF20aaurhzc_20200417_P60_v1.ascii
381,ZTF20aaurknv,Ia-norm,Ia,ZTF20aaurknv_20200417_P60_v1.ascii
382,ZTF20aaurzce,Ia-norm,Ia,ZTF20aaurzce_20200423_P60_v1.ascii
383,ZTF20aautscv,Ia-norm,Ia,ZTF20aautscv_20200424_P60_v2.ascii
384,ZTF20aauuiri,Ia-norm,Ia,ZTF20aauuiri_20200425_P60_v1.ascii
385,ZTF20aauwjla,Ia-norm,Ia,ZTF20aauwjla_20200428_P60_v1.ascii
386,ZTF20aauxgjf,Ia-norm,Ia,ZTF20aauxgjf_20200424_P60_v1.ascii
387,ZTF20aavnnat,Ia-norm,Ia,ZTF20aavnnat_20200424_P60_v1.ascii
388,ZTF20aavrloz,Ia-norm,Ia,ZTF20aavrloz_20200425_P60_v1.ascii
389,ZTF20aavrzha,Ia-norm,Ia,ZTF20aavrzha_20200423_P60_v1.ascii
