Version,Resolution,Superfit_c,Superfit_z,ZTF_Name,Zooniverse_c,rlap,agreement
AT2018hrg_20181103_P60_v1.ascii,,,,AT2018hrg,LBV,5.06,4.0
SN2017iuk_20181204_Keck1_v1.ascii,,,,SN2017iuk,Gal,5.66,8.0
ZTF17aabcpcp_20181102_P60_v1.ascii,,,,ZTF17aabcpcp,Gal,18.27,9.0
ZTF18aabcvnq_20180604_P60_v1.ascii,,,,ZTF18aabcvnq,Ia-91T,4.9,3.0
ZTF18aabybkt_20180308_P200_v1.ascii,,,,ZTF18aabybkt,II-norm,5.56,6.0
ZTF18aabybkt_20180309_P60_v1.ascii,,,,ZTF18aabybkt,II-norm,6.0,9.0
ZTF18aabybkt_20180316_P60_v1.ascii,,,,ZTF18aabybkt,Ia-norm,4.73,6.0
ZTF18aabybkt_20180321_APO_v1.ascii,,,,ZTF18aabybkt,II-norm,16.07,9.0
ZTF18aaccmnh_20180517_P200_v1.ascii,,,,ZTF18aaccmnh,II-norm,16.38,10.0
ZTF18aacsudg_20191001_P60_v1.ascii,,,,ZTF18aacsudg,Gal,10.2,9.0
ZTF18aacsudg_20191003_P200_v1.ascii,,,,ZTF18aacsudg,Gal,14.07,10.0
ZTF18aadbtae_20190701_P200_v2.ascii,ZTF18aadbtae_20190701_P200_v2_10,TDE H+He,0.0761,,,,
ZTF18aaekkoj_20180514_Keck1_v1.ascii,,,,ZTF18aaekkoj,Gal,38.09,9.0
ZTF18aaeoiwu_20191019_P60_v1.ascii,,,,ZTF18aaeoiwu,II-norm,8.27,8.0
ZTF18aaeynan_20180916_P60_v1.ascii,,,,ZTF18aaeynan,Gal,15.93,10.0
ZTF18aagpxsx_20181227_P60_v1.ascii,,,,ZTF18aagpxsx,Ic-BL,4.46,10.0
ZTF18aahfgsk_20180411_APO_v1.ascii,,,,ZTF18aahfgsk,Ia-norm,18.64,8.0
ZTF18aahjaxz_20180419_P60_v1.ascii,,,,ZTF18aahjaxz,Ia-91bg,8.17,8.0
ZTF18aahjaxz_20180419_P60_v2.ascii,,,,ZTF18aahjaxz,Ia-91bg,8.17,9.0
ZTF18aahjaxz_20180419_P60_v3.ascii,,,,ZTF18aahjaxz,Ic-SLSN,6.74,5.0
ZTF18aahjaxz_20180419_P60_v4.ascii,,,,ZTF18aahjaxz,Ia-91bg,8.17,9.0
ZTF18aahjaxz_20180421_P60_v1.ascii,,,,ZTF18aahjaxz,Ia-91bg,6.98,7.0
ZTF18aahjaxz_20180421_P60_v2.ascii,,,,ZTF18aahjaxz,Ia-91bg,6.98,9.0
ZTF18aahjaxz_20180428_LT_v1.ascii,,,,ZTF18aahjaxz,Ib-norm,4.89,5.0
ZTF18aahmxqa_20180409_P60_v2.ascii,,,,ZTF18aahmxqa,Ic-SLSN,5.03,3.0
ZTF18aahmxqa_20180409_P60_v5.ascii,,,,ZTF18aahmxqa,Ib-norm,12.86,11.0
ZTF18aahmxqa_20180409_P60_v6.ascii,,,,ZTF18aahmxqa,Ib-norm,17.38,8.0
ZTF18aahmxqa_20180410_P200_v1.ascii,,,,ZTF18aahmxqa,Ib-norm,22.62,10.0
ZTF18aahmxqa_20180417_NOT_v1.ascii,,,,ZTF18aahmxqa,Ic-norm,14.7,8.0
ZTF18aahmxqa_20180419_TNG_v1.ascii,,,,ZTF18aahmxqa,Ib-norm,19.23,5.0
ZTF18aahmxqa_20180514_Keck1_v1.ascii,,,,ZTF18aahmxqa,Ib-norm,14.36,5.0
ZTF18aahmxqa_20180712_Keck1_v1.ascii,,,,ZTF18aahmxqa,Ib-norm,12.21,11.0
ZTF18aahnnly_20180508_P200_v1.ascii,,,,ZTF18aahnnly,II-norm,12.13,11.0
ZTF18aahqfee_20180513_DCT_v1.ascii,,,,ZTF18aahqfee,II-norm,16.41,11.0
ZTF18aahqkbt_20180930_HST_v1.ascii,ZTF18aahqkbt_20180930_HST_v1_10,IIb-flash,0.04845,,,,
ZTF18aaikcbb_20180616_P200_v2.ascii,,,,ZTF18aaikcbb,II-norm,12.87,10.0
ZTF18aaikcbb_20180717_P200_v1.ascii,,,,ZTF18aaikcbb,II-norm,16.66,7.0
ZTF18aajupnt_20180901_HST_v1.ascii,ZTF18aajupnt_20180901_HST_v1_10,IIb-flash,0.034865,,,,
ZTF18aajupnt_20190303_HST_v1.ascii,ZTF18aajupnt_20190303_HST_v1_10,IIb-flash,0.034865,,,,
ZTF18aajvgel_20180916_P60_v1.ascii,,,,ZTF18aajvgel,Gal,7.12,7.0
ZTF18aakgzot_20180601_P60_v1.ascii,,,,ZTF18aakgzot,Ia-91T,6.9,7.0
ZTF18aaknyrs_20191101_P60_v1.ascii,,,,ZTF18aaknyrs,Ib-norm,6.61,2.0
ZTF18aalbpll_20180517_P200_v1.ascii,,,,ZTF18aalbpll,II-norm,19.28,8.0
ZTF18aaodnxt_20180509_P60_v1.ascii,,,,ZTF18aaodnxt,Ib-norm,6.93,1.0
ZTF18aaodnxt_20180509_P60_v2.ascii,,,,ZTF18aaodnxt,Ia-91bg,12.11,5.0
ZTF18aaodnxt_20180516_P200_v1.ascii,,,,ZTF18aaodnxt,Ia-91bg,11.22,7.0
ZTF18aaoxryq_20180807_P60_v1.ascii,,,,ZTF18aaoxryq,Ia-91T,9.03,7.0
ZTF18aaqbzfc_20180508_P200_v1.ascii,,,,ZTF18aaqbzfc,II-norm,15.42,7.0
ZTF18aaqceqh_20191213_P60_v1.ascii,,,,ZTF18aaqceqh,Gal,6.89,5.0
ZTF18aaqceqh_20191223_Keck1_v1.ascii,,,,ZTF18aaqceqh,Gal,18.9,10.0
ZTF18aaqeasu_20180508_P200_v1.ascii,,,,ZTF18aaqeasu,Ic-norm,7.02,7.0
ZTF18aaqeasu_20180508_P200_v2.ascii,,,,ZTF18aaqeasu,Ib-norm,5.99,4.0
ZTF18aaqeasu_20180514_Keck1_v1.ascii,,,,ZTF18aaqeasu,IIb,10.3,3.0
ZTF18aaqeasu_20180517_P200_v1.ascii,,,,ZTF18aaqeasu,II-norm,5.37,4.0
ZTF18aaqeasu_20180517_P200_v2.ascii,,,,ZTF18aaqeasu,Ia-csm,6.22,5.0
ZTF18aaqeasu_20180528_P60_v1.ascii,,,,ZTF18aaqeasu,Ib-norm,5.29,3.0
ZTF18aaqeasu_20180531_DCT_v1.ascii,,,,ZTF18aaqeasu,Ic-BL,5.23,8.0
ZTF18aaqeasu_20180608_P200_v2.ascii,,,,ZTF18aaqeasu,Ic-BL,8.7,2.0
ZTF18aaqeasu_20180617_Keck1_v1.ascii,,,,ZTF18aaqeasu,LBV,7.8,5.0
ZTF18aaqeasu_20180713_Keck1_v1.ascii,,,,ZTF18aaqeasu,II-norm,12.31,2.0
ZTF18aarvcmx_20180822_P60_v1.ascii,,,,ZTF18aarvcmx,IIn,4.91,5.0
ZTF18aarymnz_20180424_P60_v1.ascii,,,,ZTF18aarymnz,Ia-norm,21.43,6.0
ZTF18aasrssa_20180530_P60_v1.ascii,,,,ZTF18aasrssa,Ia-norm,5.28,4.0
ZTF18aasxguy_20181227_P200_v1.ascii,,,,ZTF18aasxguy,Gal,8.58,6.0
ZTF18aaumfla_20180613_Keck1_v1.ascii,,,,ZTF18aaumfla,Gal,13.87,6.0
ZTF18aauqdyb_20180626_P60_v1.ascii,,,,ZTF18aauqdyb,Ic-SLSN,8.3,6.0
ZTF18aautrkr_20180612_P200_v1.ascii,,,,ZTF18aautrkr,Gal,9.39,7.0
ZTF18aavjqvm_20190126_P200_v1.ascii,,,,ZTF18aavjqvm,Gal,20.37,6.0
ZTF18aavniyw_20180611_P60_v1.ascii,,,,ZTF18aavniyw,Ia-91bg,10.73,5.0
ZTF18aavytfq_20180912_P200_v2.ascii,,,,ZTF18aavytfq,Gal,22.09,9.0
ZTF18aawpzwp_20180612_P200_v1.ascii,,,,ZTF18aawpzwp,Gal,10.58,8.0
ZTF18aawwazv_20180912_P200_v2.ascii,,,,ZTF18aawwazv,II-norm,8.3,11.0
ZTF18aawwazv_20180913_P200_v1.ascii,,,,ZTF18aawwazv,II-norm,18.35,10.0
ZTF18aaxagxj_20191201_P60_v1.ascii,,,,ZTF18aaxagxj,II-norm,5.51,4.0
ZTF18aaxdrjn_20180531_P60_v1.ascii,ZTF18aaxdrjn_20180531_P60_v1_10,Ia-norm,0.032205000000000004,,,,
ZTF18aaxmaxb_20180612_P200_v1.ascii,,,,ZTF18aaxmaxb,Gal,20.23,9.0
ZTF18aaxnmdq_20180612_P200_v1.ascii,,,,ZTF18aaxnmdq,II-norm,11.65,9.0
ZTF18aaxopwa_20180613_Keck1_v1.ascii,,,,ZTF18aaxopwa,QSO,6.19,6.0
ZTF18aaxxota_20180609_P200_v1.ascii,,,,ZTF18aaxxota,AGN,7.9,5.0
ZTF18aaxxota_20180616_P200_v2.ascii,,,,ZTF18aaxxota,Gal,12.31,7.0
ZTF18aaxxota_20180617_Keck1_v1.ascii,,,,ZTF18aaxxota,II-norm,26.66,10.0
ZTF18aaxzlmy_20180621_P200_v2.ascii,,,,ZTF18aaxzlmy,Gal,8.03,6.0
ZTF18aayhylv_20180612_P200_v2.ascii,,,,ZTF18aayhylv,Ic-norm,10.38,6.0
ZTF18aayhylv_20180621_P200_v1.ascii,,,,ZTF18aayhylv,Ic-SLSN,6.63,6.0
ZTF18aayhylv_20180807_Keck1_v1.ascii,,,,ZTF18aayhylv,Ic-norm,8.58,3.0
ZTF18aayhylv_20190403_Keck1_v1.ascii,,,,ZTF18aayhylv,Ic-norm,4.34,3.0
ZTF18aayhylv_20190406_Keck1_v2.ascii,,,,ZTF18aayhylv,Ia-norm,5.12,1.0
ZTF18abafhva_20190501_P60_v1.ascii,,,,ZTF18abafhva,Gal,28.28,7.0
ZTF18abafhva_20190513_P200_v1.ascii,,,,ZTF18abafhva,Gal,36.84,5.0
ZTF18abcdzkp_20180621_P200_v2.ascii,,,,ZTF18abcdzkp,Ic-SLSN,5.34,8.0
ZTF18abceimg_20180708_P200_v2.ascii,,,,ZTF18abceimg,AGN,11.01,3.0
ZTF18abcwzhs_20190610_P60_v1.ascii,,,,ZTF18abcwzhs,Ia-norm,5.39,3.0
ZTF18abdbysy_20180902_Keck2_v2.ascii,ZTF18abdbysy_20180902_Keck2_v2_10,IIb-flash,0.010706499999999999,,,,
ZTF18abdeeeh_20180717_P60_v2.ascii,,,,ZTF18abdeeeh,II-norm,12.95,8.0
ZTF18abdingc_20180728_P60_v1.ascii,,,,ZTF18abdingc,Ia-91T,6.19,2.0
ZTF18abdingc_20180728_P60_v2.ascii,,,,ZTF18abdingc,Ic-BL,5.5,10.0
ZTF18abdingc_20180804_P200_v1.ascii,,,,ZTF18abdingc,Gal,10.31,9.0
ZTF18abdkkwa_20190603_Keck1_v1.ascii,ZTF18abdkkwa_20190603_Keck1_v1_10,Ca-Ia,0.02531,,,,
ZTF18abgqvwv_20180715_WHT_v3.ascii,,,,ZTF18abgqvwv,Gal,10.41,6.0
ZTF18abgqvwv_20180821_P200_v1.ascii,,,,ZTF18abgqvwv,II-norm,10.69,5.0
ZTF18abixglr_20180801_P60_v1.ascii,,,,ZTF18abixglr,II-norm,9.04,6.0
ZTF18abjyime_20180813_P60_v2.ascii,,,,ZTF18abjyime,Ia-norm,17.97,9.0
ZTF18abkhqhk_20180803_P60_v1.ascii,ZTF18abkhqhk_20180803_P60_v1_10,TDE H+He,0.11,,,,
ZTF18abkijya_20180912_P200_v2.ascii,,,,ZTF18abkijya,TDE,10.63,4.0
ZTF18abkijya_20180913_DCT_v1.ascii,,,,ZTF18abkijya,Gal,7.2,10.0
ZTF18abkmbpy_20180902_Keck2_v1.ascii,ZTF18abkmbpy_20180902_Keck2_v1_10,IIb-flash,0.027911000000000002,,,,
ZTF18ablhrpz_20180913_P200_v1.ascii,,,,ZTF18ablhrpz,II-norm,18.8,12.0
ZTF18ablhrpz_20180913_P60_v1.ascii,,,,ZTF18ablhrpz,II-norm,15.34,10.0
ZTF18ablqqqm_20180814_P60_v1.ascii,,,,ZTF18ablqqqm,Ic-norm,5.24,7.0
ZTF18ablqqqm_20180814_P60_v2.ascii,,,,ZTF18ablqqqm,Ic-SLSN,4.73,5.0
ZTF18ablqqqm_20180912_P200_v2.ascii,,,,ZTF18ablqqqm,Ic-BL,5.81,6.0
ZTF18abmasep_20180821_P200_v2.ascii,ZTF18abmasep_20180821_P200_v2_10,IIb,0.10605,,,,
ZTF18abmkacg_20180821_P200_v1.ascii,,,,ZTF18abmkacg,Gal,8.17,9.0
ZTF18abmxelh_20180821_P200_v1.ascii,,,,ZTF18abmxelh,IIb,10.08,4.0
ZTF18abmxelh_20181012_Keck1_v1.ascii,,,,ZTF18abmxelh,II-norm,7.95,2.0
ZTF18abnxfve_20180912_P200_v2.ascii,,,,ZTF18abnxfve,Gal,10.56,10.0
ZTF18abolqrn_20180901_P60_v1.ascii,,,,ZTF18abolqrn,Ibn,5.74,5.0
ZTF18abosqbk_20180823_P60_v2.ascii,,,,ZTF18abosqbk,Ia-norm,4.69,5.0
ZTF18abpoynt_20180826_P60_v1.ascii,,,,ZTF18abpoynt,Ib-norm,8.42,2.0
ZTF18abrpkdw_20180902_P60_v1.ascii,,,,ZTF18abrpkdw,Ia-norm,4.78,4.0
ZTF18abrpkdw_20180912_P200_v2.ascii,,,,ZTF18abrpkdw,IIb,8.05,6.0
ZTF18abrzbyt_20180902_P60_v1.ascii,ZTF18abrzbyt_20180902_P60_v1_10,TDE H+He,0.026277,,,,
ZTF18abrzgqr_20180904_P60_v1.ascii,,,,ZTF18abrzgqr,Ib-norm,6.12,3.0
ZTF18absayvp_20180901_P60_v2.ascii,,,,ZTF18absayvp,Ia-norm,30.11,8.0
ZTF18abslbyi_20180912_P200_v2.ascii,,,,ZTF18abslbyi,Ia-norm,10.83,4.0
ZTF18absldjd_20180905_P60_v2.ascii,,,,ZTF18absldjd,II-norm,6.09,5.0
ZTF18abspjqm_20180912_P200_v2.ascii,,,,ZTF18abspjqm,Gal,9.44,7.0
ZTF18abspjqm_20181012_Keck1_v1.ascii,,,,ZTF18abspjqm,II-norm,9.79,8.0
ZTF18abtjmns_20181110_Keck1_v1.ascii,,,,ZTF18abtjmns,QSO,19.22,5.0
ZTF18abtnbys_20180913_P200_v1.ascii,,,,ZTF18abtnbys,Ia-91bg,18.92,5.0
ZTF18abtnbys_20191027_Keck1_v1.ascii,,,,ZTF18abtnbys,Gal,11.98,6.0
ZTF18abttsrb_20180912_P200_v2.ascii,,,,ZTF18abttsrb,Ib-norm,8.37,8.0
ZTF18abttsrb_20181012_Keck1_v1.ascii,,,,ZTF18abttsrb,Ia-norm,6.78,6.0
ZTF18abtyyaw_20181110_Keck1_v1.ascii,,,,ZTF18abtyyaw,Gal,10.24,8.0
ZTF18abvbpku_20180925_P60_v1.ascii,,,,ZTF18abvbpku,Ia-norm,10.1,6.0
ZTF18abwckdq_20181010_P200_v1.ascii,,,,ZTF18abwckdq,Gal,10.24,7.0
ZTF18abwckdq_20181110_Keck1_v1.ascii,,,,ZTF18abwckdq,Ic-SLSN,27.98,4.0
ZTF18abwkrbl_20190706_Keck1_v1.ascii,ZTF18abwkrbl_20190706_Keck1_v1_10,II,0.00999,,,,
ZTF18abwsmed_20180917_P200_v1.ascii,,,,ZTF18abwsmed,Ia-norm,14.17,9.0
ZTF18abwxrhi_20180918_P200_v1.ascii,,,,ZTF18abwxrhi,Gal,8.53,6.0
ZTF18abwxrhi_20181010_P200_v1.ascii,,,,ZTF18abwxrhi,Ic-SLSN,3.49,7.0
ZTF18abwxrhi_20181010_P200_v2.ascii,,,,ZTF18abwxrhi,IIn,10.83,5.0
ZTF18abxvlbj_20180927_P60_v1.ascii,,,,ZTF18abxvlbj,Ic-SLSN,4.31,4.0
ZTF18abxvlbj_20181010_P200_v1.ascii,,,,ZTF18abxvlbj,IIn,9.16,6.0
ZTF18abxwiqz_20181010_P200_v1.ascii,,,,ZTF18abxwiqz,LBV,5.0,4.0
ZTF18abxwqht_20180923_P60_v1.ascii,,,,ZTF18abxwqht,Ia-norm,14.47,8.0
ZTF18abxwqht_20180923_P60_v2.ascii,,,,ZTF18abxwqht,Ia-norm,8.84,9.0
ZTF18abxwqht_20181002_P200_v2.ascii,,,,ZTF18abxwqht,Ic-norm,15.0,6.0
ZTF18abxwqht_20181003_NOT_v1.ascii,,,,ZTF18abxwqht,Ib-norm,18.82,8.0
ZTF18abxwqht_20181009_P60_v1.ascii,,,,ZTF18abxwqht,Ic-norm,8.51,3.0
ZTF18abxwqht_20181029_P60_v1.ascii,,,,ZTF18abxwqht,Ia-norm,6.36,6.0
ZTF18abxwqht_20190403_Keck1_v1.ascii,,,,ZTF18abxwqht,II-norm,12.91,6.0
ZTF18abytyif_20180927_P60_v1.ascii,,,,ZTF18abytyif,Ia-norm,7.91,2.0
ZTF18abzsnrz_20191020_P60_v1.ascii,,,,ZTF18abzsnrz,Ic-norm,7.55,2.0
ZTF18acaahzg_20181110_Keck1_v1.ascii,,,,ZTF18acaahzg,Ib-norm,11.59,5.0
ZTF18acaahzg_20190403_Keck1_v1.ascii,,,,ZTF18acaahzg,Ia-91bg,6.76,3.0
ZTF18acagbhm_20181010_P200_v1.ascii,,,,ZTF18acagbhm,Ia-norm,10.33,4.0
ZTF18acagbhm_20181110_Keck1_v1.ascii,,,,ZTF18acagbhm,Ic-norm,13.39,4.0
ZTF18acaozwo_20181110_Keck1_v1.ascii,,,,ZTF18acaozwo,II-norm,29.93,11.0
ZTF18acaozxw_20181110_Keck1_v1.ascii,,,,ZTF18acaozxw,II-norm,14.86,6.0
ZTF18acascph_20190914_P60_v1.ascii,,,,ZTF18acascph,Ic-BL,4.59,3.0
ZTF18acbwaxk_20190118_Keck2_v1.ascii,ZTF18acbwaxk_20190118_Keck2_v1_10,IIb-flash,0.00228,,,,
ZTF18acbwaxk_20190313_Keck2_v2.ascii,ZTF18acbwaxk_20190313_Keck2_v2_10,IIb-flash,0.00228,,,,
ZTF18acbwaxk_20190524_Keck2_v1.ascii,ZTF18acbwaxk_20190524_Keck2_v1_10,IIb-flash,0.00228,,,,
ZTF18acbwqbd_20181101_P60_v1.ascii,,,,ZTF18acbwqbd,II-norm,6.52,9.0
ZTF18acbznpp_20181110_Keck1_v2.ascii,,,,ZTF18acbznpp,II-norm,7.72,4.0
ZTF18acbznpp_20181110_Keck1_v3.ascii,,,,ZTF18acbznpp,Gal,19.76,7.0
ZTF18acbzqlw_20181110_Keck1_v1.ascii,,,,ZTF18acbzqlw,II-norm,20.85,11.0
ZTF18acbzqoc_20181110_Keck1_v1.ascii,,,,ZTF18acbzqoc,II-norm,8.98,9.0
ZTF18acbzvqj_20181110_Keck1_v1.ascii,,,,ZTF18acbzvqj,Ia-norm,18.76,6.0
ZTF18acbzwms_20181110_Keck1_v1.ascii,,,,ZTF18acbzwms,Ic-norm,16.0,8.0
ZTF18acbzwna_20181107_P60_v1.ascii,,,,ZTF18acbzwna,II-norm,12.04,10.0
ZTF18acclmqm_20181110_Keck1_v1.ascii,,,,ZTF18acclmqm,Ia-norm,36.03,11.0
ZTF18accrade_20181110_Keck1_v1.ascii,,,,ZTF18accrade,II-norm,16.95,9.0
ZTF18acdvqlo_20181110_Keck1_v1.ascii,,,,ZTF18acdvqlo,II-norm,14.42,11.0
ZTF18acdyopn_20181110_Keck1_v1.ascii,,,,ZTF18acdyopn,QSO,15.65,5.0
ZTF18acdzssn_20181214_P200_v1.ascii,,,,ZTF18acdzssn,Ic-BL,5.02,5.0
ZTF18aceckot_20181110_Keck1_v1.ascii,,,,ZTF18aceckot,Ic-BL,18.54,6.0
ZTF18acecuxq_20181110_Keck1_v1.ascii,,,,ZTF18acecuxq,II-norm,20.81,10.0
ZTF18acefgoc_20181024_LT_v1.ascii,,,,ZTF18acefgoc,Ia-91bg,11.23,7.0
ZTF18acejeqb_20190104_Keck1_v1.ascii,,,,ZTF18acejeqb,Ia-norm,6.59,4.0
ZTF18aceqrcy_20181110_Keck1_v1.ascii,,,,ZTF18aceqrcy,Gal,6.85,6.0
ZTF18aceqrcy_20181201_Keck1_v1.ascii,,,,ZTF18aceqrcy,II-norm,24.55,10.0
ZTF18aceqrrs_20190504_VLT_v3.ascii,ZTF18aceqrrs_20190504_VLT_v3_10,IIb-flash,0.08056,,,,
ZTF18aceqrrs_20190504_VLT_v4.ascii,ZTF18aceqrrs_20190504_VLT_v4_10,IIb-flash,0.08056,,,,
ZTF18acevglm_20181110_Keck1_v1.ascii,,,,ZTF18acevglm,Ib-norm,13.07,6.0
ZTF18aceykmc_20181201_Keck1_v1.ascii,,,,ZTF18aceykmc,Gal,40.34,8.0
ZTF18aceyqpm_20181201_Keck1_v1.ascii,,,,ZTF18aceyqpm,Gal,12.76,8.0
ZTF18acfkfjb_20190225_P60_v1.ascii,,,,ZTF18acfkfjb,Ic-norm,6.6,9.0
ZTF18acgukqo_20181110_Keck1_v1.ascii,,,,ZTF18acgukqo,Gal,26.42,7.0
ZTF18acgukqo_20181201_Keck1_v1.ascii,,,,ZTF18acgukqo,II-norm,14.28,5.0
ZTF18acgvgiq_20190524_Keck2_v1.ascii,ZTF18acgvgiq_20190524_Keck2_v1_10,IIb-flash,0.009747,,,,
ZTF18achcfpm_20181201_Keck1_v1.ascii,,,,ZTF18achcfpm,II-norm,17.53,11.0
ZTF18achdzwk_20181201_Keck1_v2.ascii,,,,ZTF18achdzwk,Gal,14.02,4.0
ZTF18achmysr_20181113_P60_v1.ascii,,,,ZTF18achmysr,Ic-BL,3.96,3.0
ZTF18achmysr_20181201_Keck1_v1.ascii,,,,ZTF18achmysr,Ib-norm,27.83,7.0
ZTF18acmxmlq_20181126_P60_v1.ascii,,,,ZTF18acmxmlq,Ia-norm,20.41,8.0
ZTF18acnbqgo_20181204_Keck1_v1.ascii,,,,ZTF18acnbqgo,II-norm,21.68,10.0
ZTF18acpbcil_20181201_Keck1_v1.ascii,,,,ZTF18acpbcil,IIb,20.28,11.0
ZTF18acpeenk_20181201_Keck1_v1.ascii,,,,ZTF18acpeenk,II-norm,21.27,10.0
ZTF18acpqfkz_20181201_Keck1_v1.ascii,,,,ZTF18acpqfkz,Ib-norm,20.18,8.0
ZTF18acqtqic_20200112_P60_v1.ascii,,,,ZTF18acqtqic,Gal,9.47,5.0
ZTF18acqtqic_20200112_P60_v2.ascii,,,,ZTF18acqtqic,Gal,12.48,9.0
ZTF18acqtqic_20200113_P60_v1.ascii,,,,ZTF18acqtqic,Gal,21.36,8.0
ZTF18acqtqic_20200118_P200_v1.ascii,,,,ZTF18acqtqic,Gal,30.7,9.0
ZTF18acqwfsd_20181217_P60_v1.ascii,,,,ZTF18acqwfsd,Ia-norm,5.17,1.0
ZTF18acrkaks_20181201_Keck1_v1.ascii,,,,ZTF18acrkaks,II-norm,15.88,9.0
ZTF18acryfxa_20181217_P60_v1.ascii,,,,ZTF18acryfxa,II-norm,8.02,3.0
ZTF18acryfxa_20181217_P60_v2.ascii,,,,ZTF18acryfxa,Ic-BL,6.43,9.0
ZTF18acsbkpo_20181221_P60_v1.ascii,,,,ZTF18acsbkpo,Ic-SLSN,5.69,6.0
ZTF18acsbkpo_20181221_P60_v2.ascii,,,,ZTF18acsbkpo,Ia-norm,5.87,3.0
ZTF18acsbkpo_20181227_P200_v1.ascii,,,,ZTF18acsbkpo,Ia-norm,8.55,3.0
ZTF18acskhfz_20191008_P60_v1.ascii,,,,ZTF18acskhfz,Ic-norm,5.01,9.0
ZTF18acsodbf_20181214_P200_v1.ascii,,,,ZTF18acsodbf,Ia-norm,5.52,4.0
ZTF18acsodbf_20190104_Keck1_v1.ascii,,,,ZTF18acsodbf,Ia-norm,5.54,5.0
ZTF18acsodbf_20190403_Keck1_v1.ascii,,,,ZTF18acsodbf,II-norm,6.62,6.0
ZTF18acsoxld_20181214_P200_v1.ascii,,,,ZTF18acsoxld,Gal,13.4,5.0
ZTF18acsoxld_20190104_Keck1_v1.ascii,,,,ZTF18acsoxld,II-norm,28.32,11.0
ZTF18acsxine_20181216_P60_v1.ascii,,,,ZTF18acsxine,Ib-norm,4.92,4.0
ZTF18acsxine_20181217_P60_v1.ascii,,,,ZTF18acsxine,Ib-norm,6.4,6.0
ZTF18acsxine_20190926_Keck1_v1.ascii,,,,ZTF18acsxine,Gal,11.28,7.0
ZTF18acsxkov_20190126_P200_v1.ascii,,,,ZTF18acsxkov,II-norm,11.32,7.0
ZTF18acsxyel_20181227_P200_v1.ascii,,,,ZTF18acsxyel,Gal,14.55,9.0
ZTF18acsyisy_20181209_P60_v1.ascii,,,,ZTF18acsyisy,II-norm,13.58,10.0
ZTF18acsyzta_20181213_P200_v1.ascii,,,,ZTF18acsyzta,Gal,11.31,7.0
ZTF18acueihv_20181215_P200_v1.ascii,,,,ZTF18acueihv,IIb,4.6,4.0
ZTF18aculmhk_20200129_P60_v1.ascii,,,,ZTF18aculmhk,IIb,6.99,7.0
ZTF18acurdnh_20181213_P60_v1.ascii,,,,ZTF18acurdnh,Gal,10.28,7.0
ZTF18acushie_20181214_P200_v1.ascii,,,,ZTF18acushie,Ic-BL,12.41,9.0
ZTF18acushie_20181227_P200_v1.ascii,,,,ZTF18acushie,Gal,8.91,13.0
ZTF18acusnvl_20181214_P200_v1.ascii,,,,ZTF18acusnvl,II-norm,10.24,10.0
ZTF18acustza_20181216_P60_v1.ascii,,,,ZTF18acustza,LBV,4.74,8.0
ZTF18acustza_20181229_P60_v1.ascii,,,,ZTF18acustza,Ia-norm,5.58,2.0
ZTF18acustza_20181229_P60_v2.ascii,,,,ZTF18acustza,II-norm,7.23,6.0
ZTF18acvicjm_20181215_P60_v1.ascii,,,,ZTF18acvicjm,Ia-91T,5.49,2.0
ZTF18acvicoa_20181219_P60_v1.ascii,,,,ZTF18acvicoa,Ia-norm,4.8,5.0
ZTF18acvicoa_20181222_P60_v1.ascii,,,,ZTF18acvicoa,Ic-norm,6.52,6.0
ZTF18acvvxzn_20190225_P200_v1.ascii,,,,ZTF18acvvxzn,C-star,5.43,4.0
ZTF18acxexyu_20190225_P200_v1.ascii,,,,ZTF18acxexyu,Gal,15.29,7.0
ZTF18acynjhj_20181221_P60_v1.ascii,,,,ZTF18acynjhj,Ic-norm,8.51,5.0
ZTF18acyocrv_20181229_P60_v1.ascii,,,,ZTF18acyocrv,Ia-norm,5.13,6.0
ZTF18acyybvg_20190126_P200_v1.ascii,,,,ZTF18acyybvg,IIn,9.65,6.0
ZTF18aczdapb_20190102_APO_v1.ascii,,,,ZTF18aczdapb,Ia-03fg,4.95,4.0
ZTF18aczdapb_20190112_P200_v1.ascii,,,,ZTF18aczdapb,Gal,8.05,7.0
ZTF18aczdetq_20190212_P200_v1.ascii,,,,ZTF18aczdetq,Gal,22.93,11.0
ZTF18aczqzrj_20190118_Keck2_v1.ascii,ZTF18aczqzrj_20190118_Keck2_v1_10,IIb-flash,0.040755,,,,
ZTF18adackbh_20190112_P200_v1.ascii,,,,ZTF18adackbh,Gal,9.54,5.0
ZTF18adakhrq_20181230_P60_v1.ascii,,,,ZTF18adakhrq,Ic-BL,4.54,4.0
ZTF18adakhrq_20190126_P200_v1.ascii,,,,ZTF18adakhrq,II-norm,11.74,12.0
ZTF18adakmnq_20190126_P200_v1.ascii,,,,ZTF18adakmnq,Ia-norm,18.96,14.0
ZTF18adalgta_20181230_P60_v1.ascii,,,,ZTF18adalgta,Ic-SLSN,6.68,2.0
ZTF18adalgta_20190126_P200_v1.ascii,,,,ZTF18adalgta,Gal,13.18,8.0
ZTF18adbnbqt_20190104_P60_v1.ascii,,,,ZTF18adbnbqt,II-norm,5.58,7.0
ZTF18adfntwj_20191003_P200_v1.ascii,,,,ZTF18adfntwj,Gal,13.75,17.0
ZTF19aaabzpt_20190118_Keck2_v1.ascii,ZTF19aaabzpt_20190118_Keck2_v1_10,IIb-flash,0.008740000000000001,,,,
ZTF19aaafica_20190118_Keck2_v1.ascii,ZTF19aaafica_20190118_Keck2_v1_10,IIb-flash,0.019,,,,
ZTF19aaajbmv_20190112_P200_v1.ascii,,,,ZTF19aaajbmv,Ia-norm,11.67,10.0
ZTF19aablual_20190113_UH88_v1.ascii,,,,ZTF19aablual,Ia-91bg,15.84,10.0
ZTF19aacgslb_20190110.ascii,ZTF19aacgslb_20190110_Lijiang-2,Ia-norm,0.004294,,,,
ZTF19aadphcr_20190126_P200_v1.ascii,,,,ZTF19aadphcr,Ia-csm,7.46,5.0
ZTF19aadyppr_20190220_P200_v1.ascii,ZTF19aadyppr_20190220_P200_v1_10,IIb-flash,0.001425,,,,
ZTF19aaeoqsi_20190406_Keck1_v1.ascii,,,,ZTF19aaeoqsi,Gal,13.95,9.0
ZTF19aaephty_20190204_UH88_v1.ascii,,,,ZTF19aaephty,Ia-norm,13.13,9.0
ZTF19aaflhvf_20190212_P200_v1.ascii,,,,ZTF19aaflhvf,Gal,10.04,10.0
ZTF19aaflrxz_20190212_P200_v1.ascii,,,,ZTF19aaflrxz,Gal,16.27,10.0
ZTF19aagqkrq_20190303_Keck2_v1.ascii,ZTF19aagqkrq_20190303_Keck2_v1_10,IIb-flash,0.00285,,,,
ZTF19aailpwl_20200328_P60_v1.ascii,ZTF19aailpwl_20200328_P60_v1_10,SLSN-II,0.392301,,,,
ZTF19aailsex_20190212_P200_v1.ascii,,,,ZTF19aailsex,II-norm,7.19,8.0
ZTF19aaimcgv_20190403_Keck1_v1.ascii,,,,ZTF19aaimcgv,Gal,27.35,8.0
ZTF19aaiqetk_20190212_P200_v1.ascii,,,,ZTF19aaiqetk,Gal,4.65,6.0
ZTF19aakiyfn_20190225_P200_v1.ascii,,,,ZTF19aakiyfn,II-norm,18.38,10.0
ZTF19aakltef_20190306_Keck1_v1.ascii,,,,ZTF19aakltef,II-norm,19.47,10.0
ZTF19aakpxfm_20190319_P60_v1.ascii,,,,ZTF19aakpxfm,Ia-91T,5.8,9.0
ZTF19aakpxfm_20190406_P60_v1.ascii,,,,ZTF19aakpxfm,II-norm,5.24,6.0
ZTF19aakswrb_20200609_DCT_v1.ascii,ZTF19aakswrb_20200609_DCT_v1_10,TDE H,0.1206,,,,
ZTF19aalclok_20190403_Keck1_v1.ascii,,,,ZTF19aalclok,Ic-norm,12.29,6.0
ZTF19aalfsrm_20190315_P200_v1.ascii,,,,ZTF19aalfsrm,Ic-BL,8.51,6.0
ZTF19aalfsrm_20190706_Keck1_v1.ascii,,,,ZTF19aalfsrm,Ic-norm,16.18,5.0
ZTF19aalkxhz_20190315_P200_v1.ascii,,,,ZTF19aalkxhz,AGN,14.5,5.0
ZTF19aalkxhz_20190403_Keck1_v1.ascii,,,,ZTF19aalkxhz,Gal,38.01,4.0
ZTF19aalofwy_20190603_Keck1_v1.ascii,,,,ZTF19aalofwy,Gal,32.17,5.0
ZTF19aalouag_20200323_Keck1_v1.ascii,ZTF19aalouag_20200323_Keck1_v1_10,II,0.057645,,,,
ZTF19aalrfoi_20190315_P60_v1.ascii,,,,ZTF19aalrfoi,Ia-norm,10.94,6.0
ZTF19aalrfoi_20190315_P60_v2.ascii,,,,ZTF19aalrfoi,Ia-norm,10.58,4.0
ZTF19aalryov_20190305_P60_v1.ascii,,,,ZTF19aalryov,Ia-norm,11.79,9.0
ZTF19aalwfqj_20190316_P200_v1.ascii,,,,ZTF19aalwfqj,Ia-91T,5.6,4.0
ZTF19aalwfqj_20190403_Keck1_v1.ascii,,,,ZTF19aalwfqj,Ic-norm,15.83,5.0
ZTF19aalwqqa_20190315_P200_v1.ascii,,,,ZTF19aalwqqa,Gal,27.48,6.0
ZTF19aalwqqa_20190403_Keck1_v1.ascii,,,,ZTF19aalwqqa,Gal,21.35,8.0
ZTF19aalycsv_20190315_P200_v1.ascii,,,,ZTF19aalycsv,Gal,13.04,4.0
ZTF19aalycsv_20190403_Keck1_v1.ascii,,,,ZTF19aalycsv,II-norm,16.33,5.0
ZTF19aalypsi_20190307_Keck1_v1.ascii,,,,ZTF19aalypsi,Ia-91bg,8.18,10.0
ZTF19aalypsi_20190315_P200_v1.ascii,,,,ZTF19aalypsi,Ia-norm,7.04,5.0
ZTF19aalypsi_20190403_Keck1_v1.ascii,,,,ZTF19aalypsi,Gal,8.86,14.0
ZTF19aamkowf_20190316_P200_v1.ascii,,,,ZTF19aamkowf,QSO,8.63,6.0
ZTF19aamkowf_20190406_Keck1_v1.ascii,,,,ZTF19aamkowf,II-norm,13.16,4.0
ZTF19aammewd_20190312.ascii,ZTF19aammewd_20190312_Lijiang-2,Ia-norm,0.057999999999999996,,,,
ZTF19aamohrk_20190327_P60_v1.ascii,,,,ZTF19aamohrk,Ia-91T,5.32,5.0
ZTF19aamrnyv_20190318_P60_v1.ascii,,,,ZTF19aamrnyv,Ic-BL,6.46,9.0
ZTF19aamrnyv_20190318_P60_v2.ascii,,,,ZTF19aamrnyv,Gal,4.27,9.0
ZTF19aamrnyv_20190326_P60_v1.ascii,,,,ZTF19aamrnyv,Ia-91T,4.6,10.0
ZTF19aamsetj_20190524_Keck2_v1.ascii,ZTF19aamsetj_20190524_Keck2_v1_10,IIb-flash,0.0261345,,,,
ZTF19aancoel_20190406_Keck1_v1.ascii,,,,ZTF19aancoel,Ic-BL,12.39,6.0
ZTF19aaneseo_20190423_P60_v1.ascii,ZTF19aaneseo_20190423_P60_v1_10,II,0.06384,,,,
ZTF19aanfkyc_20190403_Keck1_v1.ascii,,,,ZTF19aanfkyc,II-norm,27.1,37.0
ZTF19aanfsmc_20190406_Keck1_v1.ascii,,,,ZTF19aanfsmc,Ib-norm,17.82,7.0
ZTF19aanfsmc_20200218_Keck1_v1.ascii,,,,ZTF19aanfsmc,Gal,20.06,8.0
ZTF19aanftyh_20190413_P200_v1.ascii,,,,ZTF19aanftyh,Gal,12.46,9.0
ZTF19aanijyq_20190406_Keck1_v1.ascii,,,,ZTF19aanijyq,II-norm,23.62,8.0
ZTF19aanikcj_20190413_P200_v1.ascii,,,,ZTF19aanikcj,Ib-norm,8.61,9.0
ZTF19aaniqrr_20200720_Keck1_v1.ascii,ZTF19aaniqrr_20200720_Keck1_v1_10,Ic-BL,0.49305,,,,
ZTF19aankiwf_20190424_P200_v1.ascii,,,,ZTF19aankiwf,Gal,13.94,6.0
ZTF19aanqzle_20190330_P60_v1.ascii,,,,ZTF19aanqzle,IIb,4.05,3.0
ZTF19aanqzle_20190406_Keck1_v1.ascii,,,,ZTF19aanqzle,II-norm,14.37,8.0
ZTF19aanrrgh_20190413_P200_v1.ascii,,,,ZTF19aanrrgh,Gal,17.12,7.0
ZTF19aaodkhk_20190402_P60_v1.ascii,,,,ZTF19aaodkhk,Ic-SLSN,4.35,7.0
ZTF19aaojovs_20190413_P200_v1.ascii,,,,ZTF19aaojovs,IIb,9.1,6.0
ZTF19aaoyglz_20190410_P60_v1.ascii,,,,ZTF19aaoyglz,Ia-91bg,5.72,5.0
ZTF19aaoyglz_20190410_P60_v2.ascii,,,,ZTF19aaoyglz,Ia-norm,4.34,3.0
ZTF19aaoyglz_20190420_P60_v1.ascii,,,,ZTF19aaoyglz,II-norm,4.99,7.0
ZTF19aaoyglz_20190420_P60_v2.ascii,,,,ZTF19aaoyglz,Ic-BL,5.11,3.0
ZTF19aapadxs_20190704_Keck1_v1.ascii,ZTF19aapadxs_20190704_Keck1_v1_10,II-flash,0.03675,,,,
ZTF19aapclqk_20190424_P200_v1.ascii,,,,ZTF19aapclqk,Gal,6.52,8.0
ZTF19aapfmrf_20190413_P200_v1.ascii,,,,ZTF19aapfmrf,Gal,11.37,10.0
ZTF19aaphifl_20190524_Keck2_v1.ascii,ZTF19aaphifl_20190524_Keck2_v1_10,IIb-flash,0.027075,,,,
ZTF19aaprwye_20190503_P60_v1.ascii,,,,ZTF19aaprwye,Ia-91bg,5.82,1.0
ZTF19aaprwye_20190525_P60_v1.ascii,,,,ZTF19aaprwye,Gal,14.05,10.0
ZTF19aaprwye_20190525_P60_v2.ascii,,,,ZTF19aaprwye,IIb,9.88,4.0
ZTF19aapwnmb_20190603_Keck1_v1.ascii,ZTF19aapwnmb_20190603_Keck1_v1_10,ILRT,0.095,,,,
ZTF19aapygmq_20190413_P60_v1.ascii,,,,ZTF19aapygmq,Ibn,6.57,2.0
ZTF19aapygmq_20190415_P60_v1.ascii,,,,ZTF19aapygmq,Ic-SLSN,9.14,6.0
ZTF19aapygmq_20190415_P60_v2.ascii,,,,ZTF19aapygmq,Ic-BL,4.11,4.0
ZTF19aapygmq_20190416_WHT_v1.ascii,,,,ZTF19aapygmq,II-norm,7.18,6.0
ZTF19aapygmq_20190424_P200_v1.ascii,,,,ZTF19aapygmq,II-norm,14.96,9.0
ZTF19aaqhcgm_20190424_P60_v1.ascii,,,,ZTF19aaqhcgm,Ib-norm,3.76,5.0
ZTF19aaqxmbq_20190418_P60_v1.ascii,,,,ZTF19aaqxmbq,Ic-norm,3.75,3.0
ZTF19aaqxmbq_20190424_P200_v1.ascii,,,,ZTF19aaqxmbq,IIn,10.74,6.0
ZTF19aarfeok_20190424_P200_v1.ascii,,,,ZTF19aarfeok,IIb,17.38,9.0
ZTF19aarfntx_20190513_P200_v1.ascii,,,,ZTF19aarfntx,Gal,15.94,4.0
ZTF19aarinqi_20190513_P200_v1.ascii,,,,ZTF19aarinqi,Gal,25.89,6.0
ZTF19aarphwc_20190907_Keck2_v1.ascii,ZTF19aarphwc_20190907_Keck2_v1_10,IIb-flash,0.29041500000000003,,,,
ZTF19aarqyyq_20190513_P200_v3.ascii,,,,ZTF19aarqyyq,Ib-norm,8.44,8.0
ZTF19aarqyyq_20190513_P200_v4.ascii,,,,ZTF19aarqyyq,Ib-norm,8.44,6.0
ZTF19aarqyyq_20190513_P200_v5.ascii,,,,ZTF19aarqyyq,Ib-norm,8.44,4.0
ZTF19aarqyyq_20190513_P200_v6.ascii,,,,ZTF19aarqyyq,Ib-norm,8.44,8.0
ZTF19aarqyyq_20190513_P200_v7.ascii,,,,ZTF19aarqyyq,Ib-norm,8.44,11.0
ZTF19aarqyyq_20190924_Keck1_v2.ascii,,,,ZTF19aarqyyq,Gal,13.15,7.0
ZTF19aarrdoz_20190604_Keck1_v1.ascii,,,,ZTF19aarrdoz,Ic-norm,12.46,5.0
ZTF19aarrdoz_20200218_Keck1_v1.ascii,,,,ZTF19aarrdoz,Gal,14.89,8.0
ZTF19aarsjdb_20190502_P60_v1.ascii,,,,ZTF19aarsjdb,II-norm,4.82,5.0
ZTF19aarxrem_20190704_Keck1_v1.ascii,ZTF19aarxrem_20190704_Keck1_v1_10,TDE H,0.0456,,,,
ZTF19aarzaod_20190425_SALT_v1.ascii,,,,ZTF19aarzaod,Ia-norm,6.03,7.0
ZTF19aasqseq_20190513_P200_v1.ascii,,,,ZTF19aasqseq,IIb,9.7,4.0
ZTF19aasqseq_20190604_Keck1_v1.ascii,,,,ZTF19aasqseq,Gal,7.78,2.0
ZTF19aasqseq_20200124_Keck1_v1.ascii,,,,ZTF19aasqseq,Ic-SLSN,26.39,5.0
ZTF19aasqseq_20200124_Keck1_v2.ascii,,,,ZTF19aasqseq,Ic-SLSN,12.1,5.0
ZTF19aatesgp_20200124_Keck1_v8.ascii,ZTF19aatesgp_20200124_Keck1_v8_10,Ia-02cx like,0.004085,,,,
ZTF19aatheus_20190524_Keck2_v1.ascii,ZTF19aatheus_20190524_Keck2_v1_10,IIb-flash,0.017442,,,,
ZTF19aatlmbo_20190524_Keck2_v1.ascii,ZTF19aatlmbo_20190524_Keck2_v1_10,IIb-flash,0.0073625,,,,
ZTF19aatmadu_20190513_P200_v1.ascii,,,,ZTF19aatmadu,II-norm,14.98,10.0
ZTF19aatqzrb_20190504_P60_v1.ascii,,,,ZTF19aatqzrb,Ia-91bg,4.98,4.0
ZTF19aatqzrb_20190513_P200_v1.ascii,,,,ZTF19aatqzrb,Gal,6.9,7.0
ZTF19aauihxr_20190524_P200_v1.ascii,,,,ZTF19aauihxr,Gal,15.44,7.0
ZTF19aauojid_20190607_P60_v1.ascii,,,,ZTF19aauojid,II-norm,16.05,6.0
ZTF19aavbkdp_20190704_Keck1_v1.ascii,,,,ZTF19aavbkdp,Ib-norm,11.66,7.0
ZTF19aavbkdp_20190704_Keck1_v2.ascii,,,,ZTF19aavbkdp,Ic-norm,16.16,5.0
ZTF19aaviqnb_20190603_P60_v3.ascii,,,,ZTF19aaviqnb,Ia-91T,5.01,6.0
ZTF19aavjbyl_20190704_Keck1_v1.ascii,,,,ZTF19aavjbyl,IIb,5.46,5.0
ZTF19aavjvkh_20190604_P200_v2.ascii,,,,ZTF19aavjvkh,Ia-csm,10.64,6.0
ZTF19aavoayk_20190604_P200_v2.ascii,,,,ZTF19aavoayk,Ib-norm,11.77,5.0
ZTF19aavoayk_20190926_Keck1_v2.ascii,,,,ZTF19aavoayk,Ic-BL,12.36,7.0
ZTF19aavotnx_20190604_P200_v1.ascii,,,,ZTF19aavotnx,Gal,14.42,10.0
ZTF19aavotnx_20190626_P200_v1.ascii,,,,ZTF19aavotnx,II-norm,8.33,9.0
ZTF19aavvygo_20190618_P60_v1.ascii,,,,ZTF19aavvygo,Ic-SLSN,7.2,2.0
ZTF19aavvygo_20190701_P200_v1.ascii,,,,ZTF19aavvygo,Ia,6.92,0.0
ZTF19aavvygo_20190701_P200_v2.ascii,,,,ZTF19aavvygo,II-norm,7.38,2.0
ZTF19aavweog_20190604_P200_v1.ascii,,,,ZTF19aavweog,Gal,15.75,9.0
ZTF19aavxgur_20190701_P200_v2.ascii,,,,ZTF19aavxgur,Gal,11.35,5.0
ZTF19aawfbtg_20190907_Keck2_v2.ascii,ZTF19aawfbtg_20190907_Keck2_v2_10,IIb-flash,0.08227000000000001,,,,
ZTF19aawfbzn_20190603_P60_v1.ascii,,,,ZTF19aawfbzn,Ia-norm,11.8,10.0
ZTF19aawfezk_20190704_Keck1_v1.ascii,,,,ZTF19aawfezk,Ic-norm,19.21,9.0
ZTF19aawhlcn_20190604_P200_v2.ascii,,,,ZTF19aawhlcn,Ia-norm,7.54,2.0
ZTF19aawhlcn_20190704_Keck1_v1.ascii,,,,ZTF19aawhlcn,II-norm,6.09,7.0
ZTF19aawmcjt_20200224_P60_v1.ascii,,,,ZTF19aawmcjt,TDE,10.3,10.0
ZTF19aaxeerg_20190701_P200_v1.ascii,,,,ZTF19aaxeerg,LBV,5.27,5.0
ZTF19aaxeerg_20190704_Keck1_v1.ascii,,,,ZTF19aaxeerg,Ia-norm,8.12,7.0
ZTF19aaxivit_20190704_Keck1_v1.ascii,,,,ZTF19aaxivit,Gal,26.02,9.0
ZTF19aaxkzts_20190704_Keck1_v1.ascii,,,,ZTF19aaxkzts,Ib-norm,14.26,9.0
ZTF19aaxolvo_20190626_P200_v1.ascii,,,,ZTF19aaxolvo,Ia,5.56,0.0
ZTF19aaxqwjx_20190701_P200_v1.ascii,,,,ZTF19aaxqwjx,II-norm,12.5,5.0
ZTF19aayimmc_20190927_P60_v1.ascii,,,,ZTF19aayimmc,II-norm,8.41,8.0
ZTF19aayimmc_20191003_P200_v1.ascii,,,,ZTF19aayimmc,QSO,12.46,7.0
ZTF19aaymcet_20200624_P60_v1.ascii,,,,ZTF19aaymcet,Gal,12.63,10.0
ZTF19aaymcet_20200624_P60_v2.ascii,,,,ZTF19aaymcet,Gal,4.47,5.0
ZTF19aaywatp_20190701_P200_v1.ascii,,,,ZTF19aaywatp,Gal,10.93,7.0
ZTF19aazpnlc_20190709_P60_v1.ascii,,,,ZTF19aazpnlc,Ia-norm,7.16,4.0
ZTF19aazppeu_20190704_Keck1_v1.ascii,,,,ZTF19aazppeu,Ia-91bg,10.71,5.0
ZTF19abaalsl_20190620_P60_v1.ascii,,,,ZTF19abaalsl,II-norm,6.59,11.0
ZTF19abaamsd_20190620_P60_v1.ascii,,,,ZTF19abaamsd,Gal,6.56,7.0
ZTF19abaamsd_20190620_P60_v2.ascii,,,,ZTF19abaamsd,Ic-norm,6.08,4.0
ZTF19abaamsd_20190623_P60_v1.ascii,,,,ZTF19abaamsd,Gal,6.88,6.0
ZTF19abaamsd_20190623_P60_v2.ascii,,,,ZTF19abaamsd,II-norm,7.26,9.0
ZTF19abaexlf_20190701_P200_v1.ascii,,,,ZTF19abaexlf,Ic-norm,3.7,4.0
ZTF19abaexlf_20190704_Keck1_v1.ascii,,,,ZTF19abaexlf,Ic-BL,6.59,7.0
ZTF19abaexlf_20200218_Keck1_v1.ascii,,,,ZTF19abaexlf,Ib-norm,5.15,2.0
ZTF19abalbim_20190704_Keck1_v1.ascii,,,,ZTF19abalbim,Ia-02cx,10.97,7.0
ZTF19abalbim_20200322_Keck1_v2.ascii,,,,ZTF19abalbim,Ic-BL,5.11,7.0
ZTF19abalbim_20200322_Keck1_v3.ascii,,,,ZTF19abalbim,Ia-norm,5.74,3.0
ZTF19abalqkq_20190626_P200_v1.ascii,,,,ZTF19abalqkq,Ic-norm,8.16,7.0
ZTF19abbyuxo_20190707_P60_v1.ascii,,,,ZTF19abbyuxo,Gal,6.41,5.0
ZTF19abctzkc_20190831_P200_v1.ascii,,,,ZTF19abctzkc,IIn,20.2,5.0
ZTF19abcupbu_20190704_P200_v1.ascii,,,,ZTF19abcupbu,Ic-BL,6.85,4.0
ZTF19abcupbu_20190711_P60_v1.ascii,,,,ZTF19abcupbu,Ia-norm,5.16,6.0
ZTF19abdbqgw_20190703_P200_v1.ascii,,,,ZTF19abdbqgw,II-norm,15.66,10.0
ZTF19abdkfxp_20190704_Keck1_v1.ascii,,,,ZTF19abdkfxp,Ia-norm,20.27,10.0
ZTF19abdkgmf_20190809_P200_v1.ascii,,,,ZTF19abdkgmf,II-norm,9.43,9.0
ZTF19abdspop_20190715_P60_v1.ascii,,,,ZTF19abdspop,Ic-BL,4.82,4.0
ZTF19abdspop_20190831_Keck1_v1.ascii,,,,ZTF19abdspop,Gal,29.41,8.0
ZTF19abdsstx_20191010_P60_v1.ascii,,,,ZTF19abdsstx,Ia-norm,4.34,3.0
ZTF19abdsstx_20191010_P60_v2.ascii,,,,ZTF19abdsstx,II-norm,7.85,10.0
ZTF19abehwhj_20190709_Lick_3-m_v1.ascii,,,,ZTF19abehwhj,II-norm,5.82,7.0
ZTF19abejaiy_20190711_P60_v1.ascii,,,,ZTF19abejaiy,Ib-norm,5.71,4.0
ZTF19abejaiy_20190711_P60_v2.ascii,,,,ZTF19abejaiy,Ib-norm,6.07,5.0
ZTF19abejaiy_20190712_P60_v1.ascii,,,,ZTF19abejaiy,IIb,5.06,4.0
ZTF19abfasex_20190713_P60_v1.ascii,,,,ZTF19abfasex,Gal,4.4,9.0
ZTF19abfpupe_20190804_P200_v1.ascii,,,,ZTF19abfpupe,Ia-norm,14.67,9.0
ZTF19abfrmvl_20190804_P200_v1.ascii,,,,ZTF19abfrmvl,M-star,10.13,7.0
ZTF19abfrmvl_20190831_Keck1_v1.ascii,,,,ZTF19abfrmvl,II-norm,24.35,10.0
ZTF19abfwfjd_20190715_P60_v1.ascii,,,,ZTF19abfwfjd,IIn,4.97,5.0
ZTF19abfwfjd_20190715_P60_v2.ascii,,,,ZTF19abfwfjd,Ib-norm,4.5,4.0
ZTF19abfwfjd_20190729_P60_v1.ascii,,,,ZTF19abfwfjd,LBV,5.29,7.0
ZTF19abfwfjd_20190729_P60_v2.ascii,,,,ZTF19abfwfjd,Ia-norm,5.24,7.0
ZTF19abgbbzy_20190723_P60_v1.ascii,,,,ZTF19abgbbzy,Gal,9.1,5.0
ZTF19abgbbzy_20190723_P60_v2.ascii,,,,ZTF19abgbbzy,Ic-norm,8.75,7.0
ZTF19abgkpca_20190804_P200_v1.ascii,,,,ZTF19abgkpca,IIb,14.47,6.0
ZTF19abgplqh_20190804_P200_v1.ascii,,,,ZTF19abgplqh,II-norm,8.31,3.0
ZTF19abgqjyh_20190726_P60_v1.ascii,,,,ZTF19abgqjyh,II-norm,10.92,8.0
ZTF19abgqruu_20190801_P200_v1.ascii,,,,ZTF19abgqruu,IIb,6.68,8.0
ZTF19abgqruu_20190831_Keck1_v1.ascii,,,,ZTF19abgqruu,Ib-norm,8.97,4.0
ZTF19abgqruu_20190924_Keck1_v1.ascii,,,,ZTF19abgqruu,Ib-norm,13.7,8.0
ZTF19abgqruu_20190924_Keck1_v2.ascii,,,,ZTF19abgqruu,Ib-norm,13.7,10.0
ZTF19abgqruu_20200124_Keck1_v1.ascii,,,,ZTF19abgqruu,Ic-norm,17.39,9.0
ZTF19abgqruu_20200124_Keck1_v2.ascii,,,,ZTF19abgqruu,Ic-norm,17.29,7.0
ZTF19abgqruu_20200623_Keck1_v1.ascii,,,,ZTF19abgqruu,Ic-norm,10.76,7.0
ZTF19abgurml_20190727_P60_v1.ascii,,,,ZTF19abgurml,Ia-norm,8.35,5.0
ZTF19abhhdwf_20190804_P200_v1.ascii,,,,ZTF19abhhdwf,Ic-BL,11.25,8.0
ZTF19abhhdwf_20200124_Keck1_v1.ascii,,,,ZTF19abhhdwf,Ia-91T,4.56,3.0
ZTF19abifdsd_20190728_P60_v1.ascii,,,,ZTF19abifdsd,Ic-BL,4.66,10.0
ZTF19abiietd_20190812_P200_v1.ascii,ZTF19abiietd_20190812_P200_v1_10,IIb-flash,0.0152,,,,
ZTF19abinywu_20190809_P200_v1.ascii,,,,ZTF19abinywu,Gal,31.26,10.0
ZTF19abiqhwm_20190804_P200_v1.ascii,,,,ZTF19abiqhwm,IIn,6.85,4.0
ZTF19abitskw_20190801_P200_v1.ascii,,,,ZTF19abitskw,Gal,8.66,7.0
ZTF19abitskw_20190804_P200_v1.ascii,,,,ZTF19abitskw,II-norm,8.08,8.0
ZTF19abiyyun_20190808_P60_v1.ascii,,,,ZTF19abiyyun,IIn,9.83,5.0
ZTF19abiyyun_20190808_P60_v2.ascii,,,,ZTF19abiyyun,IIn,9.95,6.0
ZTF19abiyyun_20190809_P200_v1.ascii,,,,ZTF19abiyyun,Ic-SLSN,14.64,4.0
ZTF19abiyyun_20190811_P60_v1.ascii,,,,ZTF19abiyyun,AGN,10.69,6.0
ZTF19abjaqvv_20190809_P200_v1.ascii,,,,ZTF19abjaqvv,II-norm,6.9,3.0
ZTF19abjgdet_20190815_P60_v1.ascii,,,,ZTF19abjgdet,II-norm,4.94,6.0
ZTF19abjgdet_20190817_P60_v1.ascii,,,,ZTF19abjgdet,II-norm,4.37,6.0
ZTF19abjgdet_20190924_Keck1_v1.ascii,,,,ZTF19abjgdet,II-norm,35.2,10.0
ZTF19abkinmd_20190907_P200_v1.ascii,,,,ZTF19abkinmd,II-norm,16.2,10.0
ZTF19ablesob_20191204_Keck2_v1.ascii,ZTF19ablesob_20191204_Keck2_v1_10,IIb-flash,0.05301,,,,
ZTF19ablfoqa_20190810_P200_v1.ascii,,,,ZTF19ablfoqa,Gal,15.68,10.0
ZTF19abllxfy_20190804_P200_v1.ascii,,,,ZTF19abllxfy,II-norm,14.89,8.0
ZTF19abmzmuv_20190919_P60_v1.ascii,,,,ZTF19abmzmuv,Ic-BL,4.16,4.0
ZTF19abnchgq_20190809_P200_v1.ascii,,,,ZTF19abnchgq,Gal,14.01,8.0
ZTF19abnfgwe_20191003_P200_v1.ascii,,,,ZTF19abnfgwe,Gal,28.41,7.0
ZTF19abnsymu_20191124_P200_v1.ascii,,,,ZTF19abnsymu,AGN,11.86,4.0
ZTF19abnsymu_20191124_P200_v2.ascii,,,,ZTF19abnsymu,Gal,11.98,10.0
ZTF19abormrg_20190814_P60_v1.ascii,,,,ZTF19abormrg,Gal,7.47,3.0
ZTF19abovuiy_20190902_P200_v1.ascii,,,,ZTF19abovuiy,II-norm,17.56,10.0
ZTF19abowblg_20190819_P60_v1.ascii,,,,ZTF19abowblg,Ia-norm,5.3,4.0
ZTF19abowblg_20190819_P60_v2.ascii,,,,ZTF19abowblg,Ib-norm,4.56,3.0
ZTF19abowblg_20190827_P200_v1.ascii,,,,ZTF19abowblg,Ia-norm,9.89,8.0
ZTF19aboxstf_20190812_P60_v1.ascii,,,,ZTF19aboxstf,Ic-SLSN,3.91,6.0
ZTF19abpgvyz_20190817_P60_v1.ascii,,,,ZTF19abpgvyz,II-norm,7.15,5.0
ZTF19abpgvyz_20190823_P60_v1.ascii,,,,ZTF19abpgvyz,Ib-norm,11.79,6.0
ZTF19abpgvyz_20190823_P60_v2.ascii,,,,ZTF19abpgvyz,Ib-norm,13.67,7.0
ZTF19abpqvdh_20190820_P60_v1.ascii,,,,ZTF19abpqvdh,Ic-norm,5.68,8.0
ZTF19abpqvdh_20190820_P60_v2.ascii,,,,ZTF19abpqvdh,Ia-91bg,8.72,7.0
ZTF19abprquf_20190817_P60_v1.ascii,,,,ZTF19abprquf,Ia-91bg,6.98,3.0
ZTF19abprquf_20190817_P60_v2.ascii,,,,ZTF19abprquf,II-norm,6.51,8.0
ZTF19abprquf_20190826_P60_v1.ascii,,,,ZTF19abprquf,LBV,5.38,8.0
ZTF19abprquf_20190827_P200_v1.ascii,,,,ZTF19abprquf,Gal,18.0,5.0
ZTF19abptopv_20190817_P60_v1.ascii,,,,ZTF19abptopv,Ib-norm,4.73,4.0
ZTF19abptopv_20190823_P60_v1.ascii,,,,ZTF19abptopv,Ia-norm,4.41,5.0
ZTF19abptopv_20190827_P200_v1.ascii,,,,ZTF19abptopv,Ib-norm,19.88,8.0
ZTF19abptrnn_20190820_P60_v1.ascii,,,,ZTF19abptrnn,Ia-91T,4.14,7.0
ZTF19abptrnn_20190827_P200_v1.ascii,,,,ZTF19abptrnn,Ia-norm,17.63,5.0
ZTF19abpwowb_20190928_Keck1_v1.ascii,,,,ZTF19abpwowb,II-norm,24.54,10.0
ZTF19abpxuaa_20190831_Keck1_v1.ascii,,,,ZTF19abpxuaa,II-norm,16.84,7.0
ZTF19abqilza_20190920_P60_v1.ascii,,,,ZTF19abqilza,Ic-SLSN,3.88,7.0
ZTF19abqptyi_20190827_P200_v1.ascii,,,,ZTF19abqptyi,Ic-norm,21.07,6.0
ZTF19abqxzok_20191003_P200_v1.ascii,,,,ZTF19abqxzok,Ia-91T,9.33,3.0
ZTF19abqynnh_20190827_P200_v1.ascii,,,,ZTF19abqynnh,Ia-norm,23.45,10.0
ZTF19abrdzrv_20191221_P200_v1.ascii,,,,ZTF19abrdzrv,Ic-BL,5.62,3.0
ZTF19abrdzrv_20200101_P200_v1.ascii,,,,ZTF19abrdzrv,Gal,10.02,8.0
ZTF19abrizdd_20190831_Keck1_v1.ascii,,,,ZTF19abrizdd,Gal,29.8,8.0
ZTF19abroizw_20190831_Keck1_v1.ascii,,,,ZTF19abroizw,II-norm,37.74,9.0
ZTF19abttrze_20190831_Keck1_v1.ascii,,,,ZTF19abttrze,II-norm,17.92,9.0
ZTF19abudrvs_20191005_P200_v1.ascii,,,,ZTF19abudrvs,II-norm,9.1,8.0
ZTF19abuoqzr_20190909_P60_v1.ascii,,,,ZTF19abuoqzr,Gal,14.41,6.0
ZTF19abuoqzr_20190912_P60_v1.ascii,,,,ZTF19abuoqzr,Gal,9.51,6.0
ZTF19abuoqzr_20190912_P60_v2.ascii,,,,ZTF19abuoqzr,II-norm,8.4,5.0
ZTF19abuoqzr_20190915_P60_v1.ascii,,,,ZTF19abuoqzr,LBV,8.18,4.0
ZTF19abuoqzr_20191003_P200_v1.ascii,,,,ZTF19abuoqzr,Gal,19.31,6.0
ZTF19abuoqzr_20191027_Keck1_v1.ascii,,,,ZTF19abuoqzr,Gal,28.78,10.0
ZTF19abuszom_20190910_P60_v1.ascii,,,,ZTF19abuszom,II-norm,10.13,7.0
ZTF19abuvxjc_20190907_P200_v1.ascii,,,,ZTF19abuvxjc,Gal,15.55,5.0
ZTF19abwtqsk_20190924_P60_v1.ascii,,,,ZTF19abwtqsk,Ia-norm,5.2,7.0
ZTF19abwtqsk_20191003_P200_v1.ascii,,,,ZTF19abwtqsk,Ic-BL,9.26,7.0
ZTF19abwtqsk_20191027_Keck1_v1.ascii,,,,ZTF19abwtqsk,Ia-norm,8.41,5.0
ZTF19abwtqsk_20200218_Keck1_v1.ascii,,,,ZTF19abwtqsk,IIb,6.22,3.0
ZTF19abxgatn_20190928_Keck1_v1.ascii,,,,ZTF19abxgatn,II-norm,5.65,6.0
ZTF19abxphdh_20190915_P60_v1.ascii,,,,ZTF19abxphdh,IIn,3.73,2.0
ZTF19abxphdh_20191003_P200_v1.ascii,,,,ZTF19abxphdh,Ic-norm,12.05,8.0
ZTF19abxvkya_20190910_P60_v1.ascii,,,,ZTF19abxvkya,II-norm,12.03,7.0
ZTF19abxzmbi_20190919_P60_v1.ascii,,,,ZTF19abxzmbi,TDE,5.26,8.0
ZTF19abxzmbi_20190920_P60_v1.ascii,,,,ZTF19abxzmbi,Ib-norm,5.94,6.0
ZTF19abxzmbi_20191003_P200_v1.ascii,,,,ZTF19abxzmbi,II-norm,8.15,3.0
ZTF19abyhobw_20190924_Keck1_v1.ascii,,,,ZTF19abyhobw,AGN,18.98,4.0
ZTF19abyjmhl_20190928_Keck1_v1.ascii,,,,ZTF19abyjmhl,II-norm,16.17,8.0
ZTF19abywmqw_20190919_P60_v1.ascii,,,,ZTF19abywmqw,Ib-norm,5.96,2.0
ZTF19abywmqw_20190919_P60_v2.ascii,,,,ZTF19abywmqw,Ic-SLSN,4.95,4.0
ZTF19abywmqw_20190921_P60_v1.ascii,,,,ZTF19abywmqw,Ia-91T,8.06,9.0
ZTF19abywtke_20200214_P200_v1.ascii,,,,ZTF19abywtke,QSO,12.75,4.0
ZTF19abzqdjy_20190927_P60_v1.ascii,,,,ZTF19abzqdjy,TDE,5.95,10.0
ZTF19abzqdjy_20190927_P60_v2.ascii,,,,ZTF19abzqdjy,Ia-norm,7.3,4.0
ZTF19abzqdjy_20191003_P200_v1.ascii,,,,ZTF19abzqdjy,Gal,12.91,7.0
ZTF19abzqdjy_20191003_P60_v1.ascii,,,,ZTF19abzqdjy,TDE,4.77,8.0
ZTF19abzqdjy_20191016_P60_v1.ascii,,,,ZTF19abzqdjy,II-norm,4.32,5.0
ZTF19abzrmmd_20190928_Keck1_v1.ascii,,,,ZTF19abzrmmd,Gal,21.05,10.0
ZTF19abzrmmd_20190928_Keck1_v2.ascii,,,,ZTF19abzrmmd,Gal,20.79,8.0
ZTF19abzwaen_20191211_Keck2_v1.ascii,ZTF19abzwaen_20191211_Keck2_v1_10,IIb-flash,0.027075,,,,
ZTF19abzzuhj_20191003_P200_v1.ascii,,,,ZTF19abzzuhj,Ic-norm,13.19,8.0
ZTF19acahbxd_20190928_Keck1_v1.ascii,,,,ZTF19acahbxd,AGN,21.13,7.0
ZTF19acahukh_20190926_Keck1_v1.ascii,,,,ZTF19acahukh,II-norm,14.69,11.0
ZTF19acahukh_20191001_P60_v1.ascii,,,,ZTF19acahukh,II-norm,5.25,8.0
ZTF19acahukh_20191001_P60_v2.ascii,,,,ZTF19acahukh,Ia-norm,6.47,4.0
ZTF19acahukh_20191003_P200_v1.ascii,,,,ZTF19acahukh,II-norm,13.62,14.0
ZTF19acaijhg_20191003_P200_v1.ascii,,,,ZTF19acaijhg,Gal,24.43,7.0
ZTF19acalxgp_20190928_Keck1_v1.ascii,,,,ZTF19acalxgp,II-norm,17.99,10.0
ZTF19acazljd_20191005_P200_v1.ascii,,,,ZTF19acazljd,Gal,15.86,10.0
ZTF19acazpyz_20190928_Keck1_v1.ascii,,,,ZTF19acazpyz,Ia-91bg,8.68,7.0
ZTF19acbmoms_20191009_P60_v1.ascii,,,,ZTF19acbmoms,II-norm,6.29,5.0
ZTF19acbmoms_20191105_P200_v1.ascii,,,,ZTF19acbmoms,IIb,10.84,5.0
ZTF19acbpdro_20191018_P60_v1.ascii,,,,ZTF19acbpdro,Ia-norm,10.69,4.0
ZTF19acbpqlh_20191002_P200_v1.ascii,,,,ZTF19acbpqlh,Ic-SLSN,4.05,3.0
ZTF19acbpqlh_20191002_P200_v2.ascii,,,,ZTF19acbpqlh,TDE,6.09,6.0
ZTF19acbpqlh_20191005_P200_v1.ascii,,,,ZTF19acbpqlh,II-norm,10.95,10.0
ZTF19acbpsuf_20191002_P200_v1.ascii,,,,ZTF19acbpsuf,II-norm,8.35,9.0
ZTF19acbrtbh_20191012_P60_v1.ascii,,,,ZTF19acbrtbh,Ia-norm,6.21,6.0
ZTF19acbrtbh_20191012_P60_v2.ascii,,,,ZTF19acbrtbh,Ia-norm,6.39,6.0
ZTF19acbrtbh_20191016_P60_v1.ascii,,,,ZTF19acbrtbh,Ia-norm,5.87,7.0
ZTF19acbuujf_20191005_P60_v1.ascii,,,,ZTF19acbuujf,Ia-norm,16.09,9.0
ZTF19acbvbse_20191027_Keck1_v1.ascii,,,,ZTF19acbvbse,Ic-norm,5.74,7.0
ZTF19acbvbtz_20191015_P60_v1.ascii,,,,ZTF19acbvbtz,Ib-norm,11.4,9.0
ZTF19acbvbtz_20191017_P60_v1.ascii,,,,ZTF19acbvbtz,Ia-norm,4.62,3.0
ZTF19acbvbtz_20191017_P60_v2.ascii,,,,ZTF19acbvbtz,IIb,5.38,2.0
ZTF19acbvbtz_20191101_P60_v1.ascii,,,,ZTF19acbvbtz,Ib-norm,13.83,9.0
ZTF19acbvbtz_20200219_Keck1_v1.ascii,,,,ZTF19acbvbtz,Ia-norm,6.86,4.0
ZTF19acbvjhh_20191006_P60_v1.ascii,,,,ZTF19acbvjhh,II-norm,7.43,8.0
ZTF19acbvlrl_20191015_P60_v1.ascii,,,,ZTF19acbvlrl,Ic-norm,7.37,3.0
ZTF19acbvlrl_20191025_P60_v1.ascii,,,,ZTF19acbvlrl,II-norm,5.95,8.0
ZTF19acbvlrl_20191025_P60_v2.ascii,,,,ZTF19acbvlrl,IIn,7.53,4.0
ZTF19acbvlrl_20191028_P200_v3.ascii,,,,ZTF19acbvlrl,Gal,6.18,6.0
ZTF19acbvlrl_20191028_P200_v4.ascii,,,,ZTF19acbvlrl,Gal,6.33,6.0
ZTF19acbwaex_20191005_P200_v1.ascii,,,,ZTF19acbwaex,II-norm,8.97,4.0
ZTF19acbzody_20191003_P60_v1.ascii,,,,ZTF19acbzody,Ia-norm,6.66,2.0
ZTF19acccgfn_20191005_P200_v1.ascii,,,,ZTF19acccgfn,Gal,23.2,4.0
ZTF19acccgfn_20191005_P60_v1.ascii,,,,ZTF19acccgfn,Gal,11.24,7.0
ZTF19acccgfn_20191013_P60_v1.ascii,,,,ZTF19acccgfn,Gal,10.31,5.0
ZTF19acccgfn_20191023_P60_v1.ascii,,,,ZTF19acccgfn,Ic-norm,7.6,4.0
ZTF19acccgfn_20191024_P200_v1.ascii,,,,ZTF19acccgfn,Gal,20.52,9.0
ZTF19accedxz_20191005_P200_v1.ascii,,,,ZTF19accedxz,Gal,19.72,5.0
ZTF19accedxz_20191012_P60_v1.ascii,,,,ZTF19accedxz,Gal,12.54,7.0
ZTF19accedxz_20191027_Keck1_v2.ascii,,,,ZTF19accedxz,Gal,34.72,5.0
ZTF19accedxz_20191027_Keck1_v3.ascii,,,,ZTF19accedxz,Gal,34.9,7.0
ZTF19acchqbr_20191006_P200_v1.ascii,,,,ZTF19acchqbr,Ia-91bg,6.48,4.0
ZTF19accibkt_20191004_P60_v1.ascii,,,,ZTF19accibkt,Ic-BL,4.5,6.0
ZTF19accibkt_20191005_P200_v1.ascii,,,,ZTF19accibkt,Ia-norm,6.36,4.0
ZTF19acckjcm_20191024_P200_v1.ascii,,,,ZTF19acckjcm,Gal,19.38,5.0
ZTF19acckjsj_20191005_P200_v1.ascii,,,,ZTF19acckjsj,Gal,13.42,8.0
ZTF19acckjsj_20191027_Keck1_v1.ascii,,,,ZTF19acckjsj,Gal,19.32,8.0
ZTF19acclupd_20191006_P60_v1.ascii,,,,ZTF19acclupd,Ia-norm,12.92,10.0
ZTF19accnzsg_20191005_P200_v1.ascii,,,,ZTF19accnzsg,II-norm,14.51,10.0
ZTF19acctjbv_20191219_P60_v1.ascii,,,,ZTF19acctjbv,Ia-norm,8.06,7.0
ZTF19acdlaer_20191026_P60_v1.ascii,,,,ZTF19acdlaer,IIb,4.45,4.0
ZTF19acdlaer_20191029_P60_v1.ascii,,,,ZTF19acdlaer,Ib-norm,4.59,4.0
ZTF19acdlaer_20191105_P200_v1.ascii,,,,ZTF19acdlaer,Ia-91T,9.62,6.0
ZTF19acdlafk_20191016_P60_v1.ascii,,,,ZTF19acdlafk,Ic-SLSN,4.76,3.0
ZTF19acdlafk_20191105_P200_v1.ascii,,,,ZTF19acdlafk,Gal,7.82,6.0
ZTF19acdlafk_20200218_Keck1_v1.ascii,,,,ZTF19acdlafk,Gal,10.66,6.0
ZTF19acdrkbh_20191024_P200_v1.ascii,,,,ZTF19acdrkbh,IIn,8.95,5.0
ZTF19acdrkbh_20191027_Keck1_v1.ascii,,,,ZTF19acdrkbh,LBV,8.2,7.0
ZTF19acduepd_20191017_P60_v1.ascii,,,,ZTF19acduepd,Ia-norm,5.6,3.0
ZTF19aceclwm_20191014_P60_v1.ascii,,,,ZTF19aceclwm,Ic-BL,3.61,2.0
ZTF19aceclwm_20191021_P60_v1.ascii,,,,ZTF19aceclwm,Ic-SLSN,5.55,5.0
ZTF19aceeexa_20191011_P60_v1.ascii,,,,ZTF19aceeexa,Ib-norm,5.51,2.0
ZTF19aceilrk_20191011_P60_v1.ascii,,,,ZTF19aceilrk,Gal,7.15,5.0
ZTF19aceilrk_20191013_P60_v1.ascii,,,,ZTF19aceilrk,II-norm,6.25,6.0
ZTF19aceilrk_20191024_P200_v1.ascii,,,,ZTF19aceilrk,Gal,11.21,8.0
ZTF19acewdna_20191124_P200_v1.ascii,,,,ZTF19acewdna,IIb,8.71,4.0
ZTF19acewdna_20191124_P200_v2.ascii,,,,ZTF19acewdna,II-norm,9.85,8.0
ZTF19acezdxx_20191031_P60_v2.ascii,,,,ZTF19acezdxx,QSO,4.96,6.0
ZTF19acezdxx_20191105_P200_v1.ascii,,,,ZTF19acezdxx,Gal,8.07,8.0
ZTF19acfsaus_20191102_P60_v1.ascii,,,,ZTF19acfsaus,Ia-norm,4.88,2.0
ZTF19acfsazg_20191027_Keck1_v1.ascii,,,,ZTF19acfsazg,Ia-norm,24.14,6.0
ZTF19acftfav_20191118_P60_v1.ascii,ZTF19acftfav_20191118_P60_v1_10,II,0.01365,,,,
ZTF19acfxayk_20191021_P60_v1.ascii,,,,ZTF19acfxayk,Ic-norm,3.9,4.0
ZTF19acfxayk_20191024_P200_v1.ascii,,,,ZTF19acfxayk,II-norm,10.88,4.0
ZTF19acgfdlb_20191027_Keck1_v1.ascii,,,,ZTF19acgfdlb,Gal,13.71,5.0
ZTF19acgldqr_20191105_P200_v1.ascii,,,,ZTF19acgldqr,Ia-91bg,15.29,10.0
ZTF19acgldqr_20200623_Keck1_v1.ascii,,,,ZTF19acgldqr,Ic-SLSN,4.84,3.0
ZTF19acgoven_20191030_P60_v2.ascii,,,,ZTF19acgoven,Ic-norm,4.87,4.0
ZTF19acgoven_20191105_P200_v1.ascii,,,,ZTF19acgoven,Gal,9.9,6.0
ZTF19acgpnlk_20191027_P60_v1.ascii,,,,ZTF19acgpnlk,Ia-norm,12.05,5.0
ZTF19acgpnlk_20191101_P60_v1.ascii,,,,ZTF19acgpnlk,Ia-norm,9.92,7.0
ZTF19acgpymd_20191105_P200_v1.ascii,,,,ZTF19acgpymd,Ic-SLSN,2.9,2.0
ZTF19acgpzsb_20191023_P60_v1.ascii,,,,ZTF19acgpzsb,Gal,6.52,11.0
ZTF19acgpzsb_20191023_P60_v2.ascii,,,,ZTF19acgpzsb,Ic-BL,6.4,4.0
ZTF19acgpzsb_20191105_P200_v1.ascii,,,,ZTF19acgpzsb,Ia-norm,10.63,2.0
ZTF19achiyvy_20191024_P200_v1.ascii,,,,ZTF19achiyvy,Gal,8.48,4.0
ZTF19achiyvy_20200623_Keck1_v1.ascii,,,,ZTF19achiyvy,II-norm,5.47,4.0
ZTF19achtiax_20191105_P200_v1.ascii,,,,ZTF19achtiax,Ia-02cx,11.22,6.0
ZTF19achtkzh_20191102_P60_v1.ascii,,,,ZTF19achtkzh,Ic-norm,9.93,5.0
ZTF19acifduk_20191125_P200_v1.ascii,,,,ZTF19acifduk,II-norm,21.47,11.0
ZTF19acjtpps_20200218_Keck1_v1.ascii,,,,ZTF19acjtpps,II-norm,16.77,7.0
ZTF19ackimmi_20191124_P200_v1.ascii,,,,ZTF19ackimmi,II-norm,14.44,3.0
ZTF19ackjrye_20191223_Keck1_v1.ascii,,,,ZTF19ackjrye,II-norm,30.48,10.0
ZTF19ackjsar_20191104_P60_v1.ascii,,,,ZTF19ackjsar,Ib-norm,6.96,5.0
ZTF19ackjsar_20191104_P60_v2.ascii,,,,ZTF19ackjsar,Ia-norm,4.76,5.0
ZTF19ackjsub_20191104_P60_v1.ascii,,,,ZTF19ackjsub,Gal,5.04,6.0
ZTF19ackkwri_20191105_P200_v1.ascii,,,,ZTF19ackkwri,Gal,19.05,10.0
ZTF19ackkwri_20191123_Keck1_v1.ascii,,,,ZTF19ackkwri,II-norm,21.94,9.0
ZTF19acklfll_20191105_P60_v1.ascii,,,,ZTF19acklfll,TDE,5.4,6.0
ZTF19ackyfqp_20191101_P60_v1.ascii,,,,ZTF19ackyfqp,IIb,9.1,8.0
ZTF19acmoifg_20191113_P60_v1.ascii,,,,ZTF19acmoifg,Ib-norm,4.32,3.0
ZTF19acmoifg_20191124_P200_v1.ascii,,,,ZTF19acmoifg,Ic-BL,6.49,4.0
ZTF19acmoifg_20191124_P60_v1.ascii,,,,ZTF19acmoifg,II-norm,9.62,8.0
ZTF19acmwioa_20191113_P60_v1.ascii,,,,ZTF19acmwioa,Ia-norm,13.28,7.0
ZTF19acnphay_20191105_P200_v1.ascii,,,,ZTF19acnphay,II-norm,14.34,10.0
ZTF19acnvhnt_20191124_P200_v1.ascii,,,,ZTF19acnvhnt,Gal,10.08,6.0
ZTF19acnvhnt_20191124_P200_v3.ascii,,,,ZTF19acnvhnt,Gal,10.37,7.0
ZTF19acnvhnt_20200322_Keck1_v1.ascii,,,,ZTF19acnvhnt,Gal,15.61,8.0
ZTF19acnxenx_20191108_P60_v1.ascii,,,,ZTF19acnxenx,Ib-norm,4.56,5.0
ZTF19acnxenx_20191123_Keck1_v2.ascii,,,,ZTF19acnxenx,II-norm,18.31,6.0
ZTF19acoaiub_20191204_Keck2_v1.ascii,ZTF19acoaiub_20191204_Keck2_v1_10,IIb-flash,0.0057,,,,
ZTF19acoldzw_20191124_P200_v1.ascii,,,,ZTF19acoldzw,II-norm,7.31,7.0
ZTF19acoldzw_20191124_P200_v2.ascii,,,,ZTF19acoldzw,II-norm,10.16,8.0
ZTF19acominp_20200323_Keck1_v1.ascii,,,,ZTF19acominp,Ia-03fg,4.99,5.0
ZTF19acrubhl_20191202_P60_v1.ascii,,,,ZTF19acrubhl,Ia-norm,5.23,3.0
ZTF19acrubhl_20191213_P60_v1.ascii,,,,ZTF19acrubhl,Gal,9.23,9.0
ZTF19acrubhl_20191213_P60_v2.ascii,,,,ZTF19acrubhl,Gal,7.66,10.0
ZTF19acrubhl_20191221_P200_v1.ascii,,,,ZTF19acrubhl,Gal,11.61,8.0
ZTF19acrubhl_20191223_Keck1_v1.ascii,,,,ZTF19acrubhl,Gal,36.89,5.0
ZTF19acrucav_20191111_P60_v1.ascii,,,,ZTF19acrucav,Ia-02cx,4.51,7.0
ZTF19acrvqpf_20191121_Lick_3-m_v1.ascii,,,,ZTF19acrvqpf,Ia-91T,5.22,3.0
ZTF19acryurj_20191115_VLT_v2.ascii,ZTF19acryurj_20191115_VLT_v2_10,ILRT,0.0209285,,,,
ZTF19acryurj_20191115_VLT_v3.ascii,ZTF19acryurj_20191115_VLT_v3_10,IIb-flash,0.0209285,,,,
ZTF19acryurj_20191117_VLT_v2.ascii,ZTF19acryurj_20191117_VLT_v2_10,IIb-flash,0.0231315,,,,
ZTF19acryurj_20191117_VLT_v3.ascii,ZTF19acryurj_20191117_VLT_v3_10,IIb-flash,0.0209285,,,,
ZTF19acshkft_20191118.ascii,ZTF19acshkft_20191118_Lijiang-2,Ia-norm,0.083,,,,
ZTF19acslqnc_20191123_P60_v1.ascii,,,,ZTF19acslqnc,Ia-norm,7.58,8.0
ZTF19acsuqzf_20191124_P200_v1.ascii,,,,ZTF19acsuqzf,II-norm,9.65,7.0
ZTF19acteisa_20191124_P200_v1.ascii,,,,ZTF19acteisa,Ic-BL,8.41,7.0
ZTF19acteisa_20191124_P200_v2.ascii,,,,ZTF19acteisa,IIb,8.07,5.0
ZTF19acvdmbf_20200101_P200_v2.ascii,,,,ZTF19acvdmbf,II-norm,21.98,11.0
ZTF19acvieqw_20191201_P60_v1.ascii,,,,ZTF19acvieqw,Ia-norm,25.97,10.0
ZTF19acvlcjk_20191221_P200_v1.ascii,,,,ZTF19acvlcjk,Gal,4.75,9.0
ZTF19acvlcjk_20200101_P200_v1.ascii,,,,ZTF19acvlcjk,Gal,11.06,8.0
ZTF19acvrifg_20200214_P200_v1.ascii,,,,ZTF19acvrifg,II-norm,20.45,9.0
ZTF19acvrnlw_20200101_P200_v1.ascii,,,,ZTF19acvrnlw,Gal,11.46,10.0
ZTF19acvtvkb_20191223_Keck1_v1.ascii,,,,ZTF19acvtvkb,Ic-norm,18.53,9.0
ZTF19acvtvkb_20200322_Keck1_v1.ascii,,,,ZTF19acvtvkb,Ic-BL,12.25,5.0
ZTF19acwrvzk_20200322_Keck1_v1.ascii,ZTF19acwrvzk_20200322_Keck1_v1_10,IIb-flash,,ZTF19acwrvzk,Ia-91T,4.42,3.0
ZTF19acwrvzk_20200731_P200_v3.ascii,ZTF19acwrvzk_20200731_P200_v3_10,IIb-flash,,ZTF19acwrvzk,Gal,10.95,9.0
ZTF19acwrvzk_20200731_P60_v1.ascii,ZTF19acwrvzk_20200731_P60_v1_10,IIb-flash,,ZTF19acwrvzk,Ic-norm,5.34,5.0
ZTF19acwrvzk_20200731_P60_v2.ascii,ZTF19acwrvzk_20200731_P60_v2_10,IIb-flash,,ZTF19acwrvzk,Ia-02cx,4.75,5.0
ZTF19acxlddi_20191207.ascii,ZTF19acxlddi_20191207_Lijiang-2,Ia-norm,0.05035,,,,
ZTF19acxprri_20200214_P200_v1.ascii,,,,ZTF19acxprri,Gal,12.03,8.0
ZTF19acxqakr_20191216_P60_v1.ascii,,,,ZTF19acxqakr,Ic-BL,9.04,6.0
ZTF19acxqano_20200322_Keck1_v1.ascii,,,,ZTF19acxqano,Gal,26.96,8.0
ZTF19acxxwrs_20191208.ascii,ZTF19acxxwrs_20191208_Lijiang-2,Ibn,0.02375,,,,
ZTF19acyajbx_20191214_P60_v1.ascii,,,,ZTF19acyajbx,Gal,12.71,9.0
ZTF19acyajbx_20191221_P200_v1.ascii,,,,ZTF19acyajbx,Gal,9.32,5.0
ZTF19acyfsmv_20191221_P200_v1.ascii,,,,ZTF19acyfsmv,II-norm,9.04,6.0
ZTF19acygpcu_20191221_P200_v1.ascii,,,,ZTF19acygpcu,Gal,6.42,7.0
ZTF19acygpcu_20200101_P200_v1.ascii,,,,ZTF19acygpcu,Ia-csm,5.75,4.0
ZTF19acykafj_20200112_P60_v1.ascii,,,,ZTF19acykafj,Ia-norm,4.84,1.0
ZTF19acykzsk_20191214_LT_v1.ascii,,,,ZTF19acykzsk,II-norm,6.34,2.0
ZTF19acykzsk_20191214_LT_v2.ascii,,,,ZTF19acykzsk,II-norm,5.43,7.0
ZTF19acykzsk_20191214_P60_v1.ascii,,,,ZTF19acykzsk,IIb,5.38,6.0
ZTF19acymuae_20191219_P60_v1.ascii,,,,ZTF19acymuae,Ia-norm,15.36,8.0
ZTF19acyqeaw_20200101_P200_v1.ascii,,,,ZTF19acyqeaw,II-norm,23.98,9.0
ZTF19acytics_20200127_P200_v1.ascii,,,,ZTF19acytics,Gal,17.64,6.0
ZTF19adaiomg_20191223_Keck1_v1.ascii,,,,ZTF19adaiomg,Ic-BL,13.68,9.0
ZTF19adaiomg_20200102_P60_v1.ascii,,,,ZTF19adaiomg,Ia-91bg,6.46,5.0
ZTF19adaiomg_20200323_Keck1_v1.ascii,,,,ZTF19adaiomg,Ic-norm,14.68,7.0
ZTF19adaitsb_20200102_P60_v1.ascii,,,,ZTF19adaitsb,Ic-norm,11.36,5.0
ZTF19adaitsb_20200214_P200_v1.ascii,,,,ZTF19adaitsb,Gal,9.46,9.0
ZTF19adaiujb_20200127_P200_v1.ascii,,,,ZTF19adaiujb,Gal,17.07,11.0
ZTF19adavwik_20200218_Keck1_v1.ascii,,,,ZTF19adavwik,II-norm,31.35,9.0
ZTF19adavxwz_20200218_Keck1_v1.ascii,,,,ZTF19adavxwz,Ic-BL,13.43,7.0
ZTF19adbmvvk_20200103_P60_v1.ascii,,,,ZTF19adbmvvk,Ic-BL,5.64,5.0
ZTF19adbnltt_20200127_P200_v1.ascii,,,,ZTF19adbnltt,Gal,13.21,11.0
ZTF19adcecwu_20200118_MMT_v1.ascii,ZTF19adcecwu_20200118_MMT_v1_10,IIb-flash,0.00855,,,,
ZTF19adcgahu_20200214_P200_v1.ascii,,,,ZTF19adcgahu,Gal,9.89,9.0
ZTF20aaazhtk_20200107_P60_v1.ascii,,,,ZTF20aaazhtk,Ia-91T,11.31,5.0
ZTF20aabcpcs_20200111_P60_v1.ascii,,,,ZTF20aabcpcs,Ia-91T,8.45,1.0
ZTF20aabcpcs_20200111_P60_v2.ascii,,,,ZTF20aabcpcs,IIb,7.05,6.0
ZTF20aabcpcs_20200218_Keck1_v1.ascii,,,,ZTF20aabcpcs,Ib-norm,8.58,2.0
ZTF20aaccmjn_20200212_P60_v1.ascii,,,,ZTF20aaccmjn,Ic-BL,8.1,6.0
ZTF20aacgztv_20200108_P60_v1.ascii,,,,ZTF20aacgztv,Ic-SLSN,4.57,4.0
ZTF20aacgztv_20200108_P60_v2.ascii,,,,ZTF20aacgztv,Ib-norm,6.09,5.0
ZTF20aacgztv_20200108_P60_v3.ascii,,,,ZTF20aacgztv,Ib-norm,6.09,5.0
ZTF20aacgztv_20200113_P60_v1.ascii,,,,ZTF20aacgztv,Ia-91T,5.12,5.0
ZTF20aacgztv_20200113_P60_v2.ascii,,,,ZTF20aacgztv,Ia-norm,5.33,3.0
ZTF20aacgztv_20200114_P60_v1.ascii,,,,ZTF20aacgztv,Ic-SLSN,5.93,7.0
ZTF20aacgztv_20200114_P60_v2.ascii,,,,ZTF20aacgztv,IIb,6.8,9.0
ZTF20aacgztv_20200120_NOT_v1.ascii,,,,ZTF20aacgztv,Ib-norm,15.39,7.0
ZTF20aaddbem_20200106_P60_v1.ascii,,,,ZTF20aaddbem,Ibn,4.89,3.0
ZTF20aaddbem_20200113_P60_v1.ascii,,,,ZTF20aaddbem,II-norm,5.5,11.0
ZTF20aaekiwo_20200118_P200_v1.ascii,,,,ZTF20aaekiwo,Gal,15.44,6.0
ZTF20aaenkwk_20200127_P200_v1.ascii,,,,ZTF20aaenkwk,Gal,12.78,7.0
ZTF20aaenkwk_20200214_P200_v1.ascii,,,,ZTF20aaenkwk,II-norm,8.73,5.0
ZTF20aaeopvv_20200120_APO_v1.ascii,ZTF20aaeopvv_20200120_APO_v1_10,IIb-flash,0.057,,,,
ZTF20aaervoa_20200110_GTC_v1.ascii,,,,ZTF20aaervoa,II-norm,5.71,7.0
ZTF20aaespvy_20200127_P200_v1.ascii,,,,ZTF20aaespvy,Ic-norm,11.03,4.0
ZTF20aaeswym_20200129_P60_v1.ascii,,,,ZTF20aaeswym,Ia-norm,16.05,10.0
ZTF20aafdmpa_20200127_P60_v1.ascii,,,,ZTF20aafdmpa,Ia-norm,5.72,5.0
ZTF20aafezcz_20200127_P200_v1.ascii,,,,ZTF20aafezcz,II-norm,11.96,9.0
ZTF20aaflcny_20200127_P200_v1.ascii,,,,ZTF20aaflcny,II-norm,14.69,8.0
ZTF20aagflqq_20200214_P200_v1.ascii,,,,ZTF20aagflqq,Gal,14.85,7.0
ZTF20aagkyty_20200214_P200_v1.ascii,,,,ZTF20aagkyty,Gal,16.05,7.0
ZTF20aagryod_20200124_P60_v1.ascii,,,,ZTF20aagryod,II-norm,7.42,6.0
ZTF20aagryod_20200124_P60_v2.ascii,,,,ZTF20aagryod,Ia-norm,6.93,7.0
ZTF20aagxbqc_20200226_P200_v1.ascii,,,,ZTF20aagxbqc,Gal,25.23,6.0
ZTF20aahdutc_20200221_P60_v1.ascii,,,,ZTF20aahdutc,Ic-norm,12.88,10.0
ZTF20aahfqpm_20200125_P60_v1.ascii,,,,ZTF20aahfqpm,Ia-norm,6.31,3.0
ZTF20aahfqpm_20200129_Gemini_N_v2.ascii,,,,ZTF20aahfqpm,LBV,3.69,6.0
ZTF20aahfqpm_20200214_P200_v1.ascii,,,,ZTF20aahfqpm,II-norm,14.22,7.0
ZTF20aahfqpm_20200218_Keck1_v1.ascii,,,,ZTF20aahfqpm,II-norm,18.68,6.0
ZTF20aaifyqh_20200401_LT_v1.ascii,,,,ZTF20aaifyqh,IIn,7.03,6.0
ZTF20aaifyqh_20200401_LT_v2.ascii,,,,ZTF20aaifyqh,LBV,5.43,9.0
ZTF20aajceqd_20200202_P60_v1.ascii,,,,ZTF20aajceqd,Ic-BL,7.39,10.0
ZTF20aajceqd_20200226_P200_v1.ascii,,,,ZTF20aajceqd,Ic-SLSN,4.9,7.0
ZTF20aakdajy_20200207_P60_v1.ascii,,,,ZTF20aakdajy,Ia-norm,3.11,2.0
ZTF20aakdajy_20200212_LT_v1.ascii,,,,ZTF20aakdajy,IIb,7.64,4.0
ZTF20aaksytb_20200214_P200_v1.ascii,,,,ZTF20aaksytb,II-norm,17.73,5.0
ZTF20aalryln_20200218_Keck1_v1.ascii,,,,ZTF20aalryln,Ic-SLSN,13.29,4.0
ZTF20aamqjra_20200214_P200_v1.ascii,,,,ZTF20aamqjra,Gal,15.4,11.0
ZTF20aamqjra_20200226_P200_v1.ascii,,,,ZTF20aamqjra,Gal,15.05,32.0
ZTF20aamrryv_20200214_P200_v1.ascii,,,,ZTF20aamrryv,Ib-norm,12.19,7.0
ZTF20aamsdxb_20200214_P200_v1.ascii,,,,ZTF20aamsdxb,IIb,11.72,7.0
ZTF20aanxjps_20200226_P200_v1.ascii,,,,ZTF20aanxjps,Gal,10.28,4.0
ZTF20aaoqfcr_20200226_P200_v1.ascii,,,,ZTF20aaoqfcr,Ib-norm,5.08,3.0
ZTF20aaovqfy_20200226_P200_v1.ascii,,,,ZTF20aaovqfy,Ic-SLSN,4.79,5.0
ZTF20aapbzmz_20200322_Keck1_v1.ascii,,,,ZTF20aapbzmz,IIb,10.02,5.0
ZTF20aapbzmz_20200623_Keck1_v1.ascii,,,,ZTF20aapbzmz,Gal,8.36,5.0
ZTF20aapdazm_20200226_P200_v1.ascii,,,,ZTF20aapdazm,Gal,15.91,10.0
ZTF20aapgnha_20200226_P200_v1.ascii,,,,ZTF20aapgnha,Ib-norm,3.66,5.0
ZTF20aapjhzr_20200224_P60_v1.ascii,,,,ZTF20aapjhzr,TDE,5.34,6.0
ZTF20aapjhzr_20200226_P200_v1.ascii,,,,ZTF20aapjhzr,Gal,7.54,6.0
ZTF20aapjhzr_20200227_P60_v1.ascii,,,,ZTF20aapjhzr,Ic-norm,7.55,2.0
ZTF20aappfuo_20200226_P200_v2.ascii,,,,ZTF20aappfuo,Ia-csm,4.05,5.0
ZTF20aappghw_20200322_Keck1_v1.ascii,,,,ZTF20aappghw,Ia-norm,18.27,8.0
ZTF20aaqbach_20200226_P200_v1.ascii,,,,ZTF20aaqbach,Ia-norm,8.19,1.0
ZTF20aaqhsil_20200308_Gemini_N_v1.ascii,,,,ZTF20aaqhsil,II-norm,6.27,6.0
ZTF20aaqnglu_20200305_P60_v1.ascii,,,,ZTF20aaqnglu,Ib-norm,5.87,4.0
ZTF20aarcyhr_20200306_P60_v1.ascii,,,,ZTF20aarcyhr,Ic-norm,10.0,5.0
ZTF20aarcyhr_20200306_P60_v2.ascii,,,,ZTF20aarcyhr,Ia-91bg,4.54,3.0
ZTF20aarcyhr_20200323_Keck1_v1.ascii,,,,ZTF20aarcyhr,Ia-91T,12.15,4.0
ZTF20aattqfr_20200404_P60_v1.ascii,,,,ZTF20aattqfr,Ia-norm,20.01,9.0
ZTF20aatxjed_20200528_P200_v1.ascii,,,,ZTF20aatxjed,Gal,5.32,7.0
ZTF20aatzhhl_20200401.ascii,ZTF20aatzhhl_20200401_Lijiang-2,IIn,0.007144,,,,
ZTF20aatzhhl_20200402.ascii,ZTF20aatzhhl_20200402_Lijiang-2,IIb,0.007896,,,,
ZTF20aaulhtf_20200423_P60_v1.ascii,,,,ZTF20aaulhtf,II-norm,7.43,11.0
ZTF20aaulhtf_20200429_P60_v1.ascii,,,,ZTF20aaulhtf,II-norm,9.21,14.0
ZTF20aauodwr_20200429_P60_v1.ascii,,,,ZTF20aauodwr,Gal,5.54,4.0
ZTF20aauodwr_20200429_P60_v2.ascii,,,,ZTF20aauodwr,II-norm,12.65,6.0
ZTF20aaurjcd_20200416_P60_v1.ascii,,,,ZTF20aaurjcd,Ia-norm,5.76,9.0
ZTF20aaurmmc_20200428_P60_v1.ascii,,,,ZTF20aaurmmc,Gal,5.65,4.0
ZTF20aaurmmc_20200428_P60_v2.ascii,,,,ZTF20aaurmmc,Ia-norm,5.91,4.0
ZTF20aauszcq_20200423_P60_v1.ascii,,,,ZTF20aauszcq,TDE,6.51,8.0
ZTF20aauszcq_20200423_P60_v2.ascii,,,,ZTF20aauszcq,LBV,7.14,7.0
ZTF20aauszcq_20200501_P60_v1.ascii,,,,ZTF20aauszcq,Ic-SLSN,6.08,8.0
ZTF20aauszcq_20200501_P60_v2.ascii,,,,ZTF20aauszcq,II-norm,5.26,4.0
ZTF20aauukev_20200426_P60_v1.ascii,,,,ZTF20aauukev,II-norm,6.67,8.0
ZTF20aauwhfa_20200416_P60_v1.ascii,,,,ZTF20aauwhfa,Ic-BL,10.11,15.0
ZTF20aauwvdy_20200528_P200_v1.ascii,,,,ZTF20aauwvdy,II-norm,12.99,8.0
ZTF20aavbeku_20200422_P60_v1.ascii,,,,ZTF20aavbeku,Ia-norm,5.44,5.0
ZTF20aawmcrd_20200527_Lick_3-m_v1.ascii,,,,ZTF20aawmcrd,II-norm,14.02,9.0
ZTF20aawyglg_20200505_P60_v1.ascii,,,,ZTF20aawyglg,Ib-norm,5.88,6.0
ZTF20aawyglg_20200528_P200_v1.ascii,,,,ZTF20aawyglg,II-norm,16.67,7.0
ZTF20aazangn_20200510_P60_v1.ascii,,,,ZTF20aazangn,Ic-BL,5.84,3.0
ZTF20aazangn_20200517_P60_v1.ascii,,,,ZTF20aazangn,Ic-norm,6.72,6.0
ZTF20abcxmwf_20200703_P60_v1.ascii,,,,ZTF20abcxmwf,Ic-norm,5.13,3.0
ZTF20abcxmwf_20200705_P60_v1.ascii,,,,ZTF20abcxmwf,Ic-BL,4.02,6.0
ZTF20abjckqi_20200701_P60_v1.ascii,,,,ZTF20abjckqi,Ic-BL,5.04,8.0
ZTF20abjfubr_20200702_P60_v1.ascii,,,,ZTF20abjfubr,Ia-csm,4.71,2.0
ZTF20abmihnc_20200720_P60_v1.ascii,ZTF20abmihnc_20200720_P60_v1_10,IIb-flash,,ZTF20abmihnc,Gal,14.81,7.0
ZTF20abmihnc_20200726_LT_v1.ascii,ZTF20abmihnc_20200726_LT_v1_10,IIb-flash,,ZTF20abmihnc,Gal,21.36,7.0
ZTF20abmihnc_20200730_P60_v1.ascii,ZTF20abmihnc_20200730_P60_v1_10,IIb-flash,,ZTF20abmihnc,Gal,16.02,6.0
